filename,datetime,quarter,trap,num_hh,recon_error
2024-07-01_00-05-05.jpg,2024-07-01 00:05:05,Q3,0,7,0.0004051512
2024-07-01_03-05-03.jpg,2024-07-01 03:05:03,Q3,0,7,0.0008992133
2024-07-01_06-05-03.jpg,2024-07-01 06:05:03,Q3,0,7,0.0003604041
2024-07-01_18-05-03.jpg,2024-07-01 18:05:03,Q3,0,7,0.00039294572
2024-07-02_00-05-03.jpg,2024-07-02 00:05:03,Q3,0,7,0.0013715229
2024-07-02_03-05-03.jpg,2024-07-02 03:05:03,Q3,0,7,0.0013399309
2024-07-02_06-05-03.jpg,2024-07-02 06:05:03,Q3,0,7,0.0017025737
2024-07-02_18-05-03.jpg,2024-07-02 18:05:03,Q3,0,7,0.0003951453
2024-07-03_00-05-03.jpg,2024-07-03 00:05:03,Q3,0,7,0.0016721644
2024-07-03_03-05-05.jpg,2024-07-03 03:05:05,Q3,0,7,0.00076544797
2024-07-03_06-05-03.jpg,2024-07-03 06:05:03,Q3,0,7,0.001829318
2024-07-03_18-05-03.jpg,2024-07-03 18:05:03,Q3,0,7,0.00043441696
2024-07-04_00-05-03.jpg,2024-07-04 00:05:03,Q3,0,7,0.0013745108
2024-07-04_03-05-01.jpg,2024-07-04 03:05:01,Q3,0,7,0.0007591337
2024-07-04_06-05-02.jpg,2024-07-04 06:05:02,Q3,0,7,0.0003240485
2024-07-04_18-05-01.jpg,2024-07-04 18:05:01,Q3,0,7,0.002693054
2024-07-05_00-05-02.jpg,2024-07-05 00:05:02,Q3,0,7,0.0042477758
2024-07-05_03-05-02.jpg,2024-07-05 03:05:02,Q3,0,7,0.0008858421
2024-07-05_06-05-01.jpg,2024-07-05 06:05:01,Q3,0,7,0.0020804426
2024-07-05_18-05-01.jpg,2024-07-05 18:05:01,Q3,0,7,0.0020961072
2024-07-06_06-05-02.jpg,2024-07-06 06:05:02,Q3,0,7,0.0010819262
2024-07-06_18-05-02.jpg,2024-07-06 18:05:02,Q3,0,5,0.0010183639
2024-07-07_06-05-02.jpg,2024-07-07 06:05:02,Q3,0,7,0.004949843
2024-07-07_18-05-01.jpg,2024-07-07 18:05:01,Q3,0,7,0.0006426005
2024-07-08_00-05-01.jpg,2024-07-08 00:05:01,Q3,0,7,0.010409422
2024-07-13_00-05-01.jpg,2024-07-13 00:05:01,Q3,0,7,0.009621686
2024-07-14_06-05-01.jpg,2024-07-14 06:05:01,Q3,0,5,0.0010151294
2024-07-16_00-05-02.jpg,2024-07-16 00:05:02,Q3,0,4,0.00089396024
2024-07-18_06-05-02.jpg,2024-07-18 06:05:02,Q3,0,4,0.0005990153
2024-07-19_06-05-02.jpg,2024-07-19 06:05:02,Q3,0,4,0.00079435844
2024-07-22_06-05-01.jpg,2024-07-22 06:05:01,Q3,0,4,0.0062119733
2024-07-28_00-05-02.jpg,2024-07-28 00:05:02,Q3,0,7,0.0032510837
2024-07-28_18-05-01.jpg,2024-07-28 18:05:01,Q3,0,7,0.001655984
2024-07-29_18-05-02.jpg,2024-07-29 18:05:02,Q3,0,7,0.0060509364
2024-08-13_18-05-01.jpg,2024-08-13 18:05:01,Q3,1,1,0.00074338145
2024-08-14_00-05-01.jpg,2024-08-14 00:05:01,Q3,1,1,0.0008163181
2024-08-14_03-05-01.jpg,2024-08-14 03:05:01,Q3,1,1,0.0009159877
2024-08-14_06-05-02.jpg,2024-08-14 06:05:02,Q3,1,1,0.0017292952
2024-08-14_18-05-02.jpg,2024-08-14 18:05:02,Q3,1,3,0.001994252
2024-08-15_00-05-01.jpg,2024-08-15 00:05:01,Q3,1,4,0.0007245615
2024-08-15_03-05-01.jpg,2024-08-15 03:05:01,Q3,1,4,0.0007370211
2024-08-15_06-05-02.jpg,2024-08-15 06:05:02,Q3,1,4,0.0010176194
2024-08-15_18-05-01.jpg,2024-08-15 18:05:01,Q3,1,5,0.001373159
2024-08-16_00-05-01.jpg,2024-08-16 00:05:01,Q3,1,7,0.0009825557
2024-08-16_03-05-02.jpg,2024-08-16 03:05:02,Q3,1,7,0.0007833488
2024-08-16_06-05-01.jpg,2024-08-16 06:05:01,Q3,1,7,0.001989114
2024-08-16_12-05-01.jpg,2024-08-16 12:05:01,Q3,1,7,0.011465828
2024-08-16_18-05-01.jpg,2024-08-16 18:05:01,Q3,1,7,0.00074530125
2024-08-17_00-05-01.jpg,2024-08-17 00:05:01,Q3,1,7,0.00066762127
2024-08-17_03-05-01.jpg,2024-08-17 03:05:01,Q3,1,8,0.0007089662
2024-08-17_06-05-01.jpg,2024-08-17 06:05:01,Q3,1,8,0.0008959889
2024-08-17_18-05-02.jpg,2024-08-17 18:05:02,Q3,1,9,0.00074893015
2024-08-18_00-05-01.jpg,2024-08-18 00:05:01,Q3,1,12,0.0011650831
2024-08-18_03-05-01.jpg,2024-08-18 03:05:01,Q3,1,12,0.00083656097
2024-08-18_06-05-02.jpg,2024-08-18 06:05:02,Q3,1,12,0.0012544529
2024-08-18_12-05-01.jpg,2024-08-18 12:05:01,Q3,1,13,0.007991814
2024-08-18_18-05-01.jpg,2024-08-18 18:05:01,Q3,1,13,0.0008816849
2024-08-19_00-05-01.jpg,2024-08-19 00:05:01,Q3,1,13,0.0009846664
2024-08-19_03-05-01.jpg,2024-08-19 03:05:01,Q3,1,13,0.0008104521
2024-08-19_06-05-01.jpg,2024-08-19 06:05:01,Q3,1,13,0.0012498967
2024-08-19_12-05-02.jpg,2024-08-19 12:05:02,Q3,1,15,0.011822749
2024-08-19_18-05-01.jpg,2024-08-19 18:05:01,Q3,1,15,0.0012185953
2024-08-20_00-05-01.jpg,2024-08-20 00:05:01,Q3,1,16,0.001070447
2024-08-20_03-05-01.jpg,2024-08-20 03:05:01,Q3,1,16,0.0010449459
2024-08-20_06-05-01.jpg,2024-08-20 06:05:01,Q3,1,16,0.0014489873
2024-08-20_12-05-02.jpg,2024-08-20 12:05:02,Q3,1,15,0.00086852716
2024-08-20_18-05-01.jpg,2024-08-20 18:05:01,Q3,1,17,0.0032875112
2024-08-21_00-05-01.jpg,2024-08-21 00:05:01,Q3,1,17,0.0059218486
2024-08-21_03-05-02.jpg,2024-08-21 03:05:02,Q3,1,17,0.0017049867
2024-08-21_06-05-01.jpg,2024-08-21 06:05:01,Q3,1,17,0.0011553486
2024-08-21_12-05-02.jpg,2024-08-21 12:05:02,Q3,2,0,0.00061569293
2024-08-21_18-05-02.jpg,2024-08-21 18:05:02,Q3,2,0,0.0008780302
2024-08-22_00-05-02.jpg,2024-08-22 00:05:02,Q3,2,1,0.0008673058
2024-08-22_03-05-01.jpg,2024-08-22 03:05:01,Q3,2,1,0.00092582416
2024-08-22_06-05-01.jpg,2024-08-22 06:05:01,Q3,2,1,0.001318282
2024-08-22_12-05-01.jpg,2024-08-22 12:05:01,Q3,2,2,0.008622271
2024-08-22_18-05-01.jpg,2024-08-22 18:05:01,Q3,2,2,0.000743954
2024-08-23_00-05-01.jpg,2024-08-23 00:05:01,Q3,2,3,0.0034224992
2024-08-23_03-05-01.jpg,2024-08-23 03:05:01,Q3,2,3,0.001990806
2024-08-23_06-05-02.jpg,2024-08-23 06:05:02,Q3,2,3,0.003111959
2024-08-23_12-05-01.jpg,2024-08-23 12:05:01,Q3,2,3,0.0009361862
2024-08-23_18-05-02.jpg,2024-08-23 18:05:02,Q3,2,5,0.0008624197
2024-08-24_00-05-02.jpg,2024-08-24 00:05:02,Q3,2,6,0.0036131616
2024-08-24_18-05-01.jpg,2024-08-24 18:05:01,Q3,2,6,0.00078367547
2024-08-25_00-05-01.jpg,2024-08-25 00:05:01,Q3,2,7,0.001062672
2024-08-25_03-05-02.jpg,2024-08-25 03:05:02,Q3,2,7,0.0008972377
2024-08-25_06-05-01.jpg,2024-08-25 06:05:01,Q3,2,7,0.0027251116
2024-08-25_18-05-02.jpg,2024-08-25 18:05:02,Q3,2,9,0.000979662
2024-08-26_00-05-02.jpg,2024-08-26 00:05:02,Q3,2,9,0.0007742261
2024-08-26_03-05-01.jpg,2024-08-26 03:05:01,Q3,2,9,0.0008336515
2024-08-26_06-05-01.jpg,2024-08-26 06:05:01,Q3,2,9,0.0014316535
2024-08-26_12-05-01.jpg,2024-08-26 12:05:01,Q3,2,9,0.00090518605
2024-08-26_18-05-01.jpg,2024-08-26 18:05:01,Q3,2,10,0.0009671008
2024-08-27_00-05-01.jpg,2024-08-27 00:05:01,Q3,2,11,0.0008923234
2024-08-27_03-05-01.jpg,2024-08-27 03:05:01,Q3,2,13,0.00096487
2024-08-27_06-05-01.jpg,2024-08-27 06:05:01,Q3,2,14,0.0010392028
2024-08-27_12-05-01.jpg,2024-08-27 12:05:01,Q3,2,14,0.0012263196
2024-08-27_18-05-01.jpg,2024-08-27 18:05:01,Q3,2,15,0.0027382937
2024-08-28_00-05-02.jpg,2024-08-28 00:05:02,Q3,2,14,0.00079007493
2024-08-28_03-05-01.jpg,2024-08-28 03:05:01,Q3,2,14,0.000814744
2024-08-28_06-05-01.jpg,2024-08-28 06:05:01,Q3,2,14,0.0009283822
2024-08-28_12-05-01.jpg,2024-08-28 12:05:01,Q3,2,13,0.0009792629
2024-08-28_18-05-01.jpg,2024-08-28 18:05:01,Q3,3,0,0.000490543
2024-08-29_00-05-01.jpg,2024-08-29 00:05:01,Q3,3,0,0.0008802148
2024-08-29_03-05-01.jpg,2024-08-29 03:05:01,Q3,3,0,0.0011101185
2024-08-29_06-05-01.jpg,2024-08-29 06:05:01,Q3,3,0,0.0004804876
2024-08-29_12-05-01.jpg,2024-08-29 12:05:01,Q3,3,1,0.0009045474
2024-08-29_18-05-02.jpg,2024-08-29 18:05:02,Q3,3,2,0.0009594497
2024-08-30_00-05-01.jpg,2024-08-30 00:05:01,Q3,3,2,0.0010727186
2024-08-30_03-05-02.jpg,2024-08-30 03:05:02,Q3,3,2,0.0013465656
2024-08-30_06-05-01.jpg,2024-08-30 06:05:01,Q3,3,2,0.000810169
2024-08-30_12-05-01.jpg,2024-08-30 12:05:01,Q3,3,2,0.008174831
2024-08-30_18-05-02.jpg,2024-08-30 18:05:02,Q3,3,3,0.0037760404
2024-08-31_00-05-02.jpg,2024-08-31 00:05:02,Q3,3,4,0.0030417084
2024-08-31_03-05-01.jpg,2024-08-31 03:05:01,Q3,3,4,0.0030133277
2024-08-31_06-05-02.jpg,2024-08-31 06:05:02,Q3,3,4,0.003152037
2024-08-31_12-05-01.jpg,2024-08-31 12:05:01,Q3,3,4,0.003548062
2024-08-31_18-05-01.jpg,2024-08-31 18:05:01,Q3,3,4,0.0030282591
2024-09-01_00-05-02.jpg,2024-09-01 00:05:02,Q3,3,7,0.0030640734
2024-09-01_03-05-02.jpg,2024-09-01 03:05:02,Q3,3,6,0.0030751391
2024-09-01_06-05-01.jpg,2024-09-01 06:05:01,Q3,3,6,0.005099435
2024-09-01_12-05-01.jpg,2024-09-01 12:05:01,Q3,3,8,0.0013305729
2024-09-01_18-05-01.jpg,2024-09-01 18:05:01,Q3,3,9,0.00102184
2024-09-02_00-05-01.jpg,2024-09-02 00:05:01,Q3,3,8,0.0010850244
2024-09-02_03-05-02.jpg,2024-09-02 03:05:02,Q3,3,8,0.00096866867
2024-09-02_06-05-01.jpg,2024-09-02 06:05:01,Q3,3,8,0.0017057268
2024-09-02_12-05-01.jpg,2024-09-02 12:05:01,Q3,3,8,0.0031974446
2024-09-02_18-05-01.jpg,2024-09-02 18:05:01,Q3,3,9,0.0034448314
2024-09-03_00-05-01.jpg,2024-09-03 00:05:01,Q3,3,9,0.0012320427
2024-09-03_03-05-01.jpg,2024-09-03 03:05:01,Q3,3,9,0.0011178183
2024-09-03_06-05-02.jpg,2024-09-03 06:05:02,Q3,3,9,0.0008342512
2024-09-03_12-05-01.jpg,2024-09-03 12:05:01,Q3,3,10,0.0007038556
2024-09-03_18-05-01.jpg,2024-09-03 18:05:01,Q3,3,12,0.000808556
2024-09-04_00-05-01.jpg,2024-09-04 00:05:01,Q3,3,12,0.0011075286
2024-09-04_03-05-02.jpg,2024-09-04 03:05:02,Q3,3,12,0.0010917687
2024-09-04_06-05-01.jpg,2024-09-04 06:05:01,Q3,3,12,0.00087111065
2024-09-04_12-05-01.jpg,2024-09-04 12:05:01,Q3,3,13,0.0013415118
2024-09-04_18-05-01.jpg,2024-09-04 18:05:01,Q3,3,12,0.002280073
2024-09-05_00-05-01.jpg,2024-09-05 00:05:01,Q3,3,13,0.0013588727
2024-09-05_03-05-01.jpg,2024-09-05 03:05:01,Q3,3,13,0.0014213758
2024-09-05_06-05-01.jpg,2024-09-05 06:05:01,Q3,3,13,0.0010598649
2024-09-05_12-05-02.jpg,2024-09-05 12:05:02,Q3,3,13,0.0037023786
2024-09-05_18-05-02.jpg,2024-09-05 18:05:02,Q3,4,0,0.0007465937
2024-09-06_00-05-02.jpg,2024-09-06 00:05:02,Q3,4,0,0.00069509476
2024-09-06_03-05-01.jpg,2024-09-06 03:05:01,Q3,4,0,0.0006098663
2024-09-06_06-05-01.jpg,2024-09-06 06:05:01,Q3,4,0,0.00096443784
2024-09-06_12-05-01.jpg,2024-09-06 12:05:01,Q3,4,1,0.004191268
2024-09-06_18-05-02.jpg,2024-09-06 18:05:02,Q3,4,3,0.0011300079
2024-09-07_00-05-01.jpg,2024-09-07 00:05:01,Q3,4,3,0.00070103095
2024-09-07_03-05-01.jpg,2024-09-07 03:05:01,Q3,4,3,0.00080740365
2024-09-07_06-05-01.jpg,2024-09-07 06:05:01,Q3,4,4,0.0005913865
2024-09-07_12-05-01.jpg,2024-09-07 12:05:01,Q3,4,4,0.0010741564
2024-09-07_18-05-01.jpg,2024-09-07 18:05:01,Q3,4,4,0.0026566118
2024-09-08_00-05-01.jpg,2024-09-08 00:05:01,Q3,4,4,0.0007351488
2024-09-08_03-05-01.jpg,2024-09-08 03:05:01,Q3,4,4,0.0007334459
2024-09-08_06-05-01.jpg,2024-09-08 06:05:01,Q3,4,4,0.0004893962
2024-09-08_12-05-01.jpg,2024-09-08 12:05:01,Q3,4,4,0.0009413856
2024-09-08_18-05-01.jpg,2024-09-08 18:05:01,Q3,4,6,0.00052661635
2024-09-09_00-05-01.jpg,2024-09-09 00:05:01,Q3,4,6,0.00092753716
2024-09-09_03-05-01.jpg,2024-09-09 03:05:01,Q3,4,5,0.00094707584
2024-09-09_06-05-01.jpg,2024-09-09 06:05:01,Q3,4,6,0.001042959
2024-09-09_12-05-01.jpg,2024-09-09 12:05:01,Q3,4,6,0.0011239895
2024-09-09_18-05-02.jpg,2024-09-09 18:05:02,Q3,4,6,0.0028436864
2024-09-10_00-05-01.jpg,2024-09-10 00:05:01,Q3,4,6,0.00085553457
2024-09-10_03-05-02.jpg,2024-09-10 03:05:02,Q3,4,6,0.00082886167
2024-09-10_06-05-01.jpg,2024-09-10 06:05:01,Q3,4,6,0.00089601916
2024-09-10_12-05-01.jpg,2024-09-10 12:05:01,Q3,4,10,0.0011886621
2024-09-10_18-05-01.jpg,2024-09-10 18:05:01,Q3,4,11,0.00068862026
2024-09-11_00-05-02.jpg,2024-09-11 00:05:02,Q3,4,11,0.0009638329
2024-09-11_03-05-01.jpg,2024-09-11 03:05:01,Q3,4,11,0.00110623
2024-09-11_06-05-02.jpg,2024-09-11 06:05:02,Q3,4,11,0.00070251175
2024-09-11_12-05-01.jpg,2024-09-11 12:05:01,Q3,4,12,0.0008344228
2024-09-11_18-05-02.jpg,2024-09-11 18:05:02,Q3,4,13,0.0006933759
2024-09-12_00-05-01.jpg,2024-09-12 00:05:01,Q3,4,13,0.0009768831
2024-09-12_03-05-01.jpg,2024-09-12 03:05:01,Q3,4,13,0.0009721752
2024-09-12_06-05-01.jpg,2024-09-12 06:05:01,Q3,4,13,0.00068714307
2024-09-12_12-05-01.jpg,2024-09-12 12:05:01,Q3,4,13,0.0023419096
2024-09-13_00-05-01.jpg,2024-09-13 00:05:01,Q3,4,13,0.0015211848
2024-09-13_03-05-01.jpg,2024-09-13 03:05:01,Q3,4,13,0.0017373187
2024-09-13_06-05-01.jpg,2024-09-13 06:05:01,Q3,4,13,0.0010350178
2024-09-13_12-05-01.jpg,2024-09-13 12:05:01,Q3,4,13,0.0015732138
2024-09-13_18-05-01.jpg,2024-09-13 18:05:01,Q3,4,14,0.0022810297
2024-09-14_00-05-01.jpg,2024-09-14 00:05:01,Q3,4,13,0.0016049215
2024-09-14_03-05-02.jpg,2024-09-14 03:05:02,Q3,4,14,0.0015674798
2024-09-14_06-05-02.jpg,2024-09-14 06:05:02,Q3,4,14,0.0012054042
2024-09-14_12-05-01.jpg,2024-09-14 12:05:01,Q3,4,13,0.0025430324
2024-09-14_18-05-02.jpg,2024-09-14 18:05:02,Q3,4,14,0.0012470445
2024-09-15_00-05-01.jpg,2024-09-15 00:05:01,Q3,4,14,0.0012654258
2024-09-15_03-05-01.jpg,2024-09-15 03:05:01,Q3,4,14,0.0013280762
2024-09-15_06-05-01.jpg,2024-09-15 06:05:01,Q3,4,14,0.00090210285
2024-09-15_12-05-02.jpg,2024-09-15 12:05:02,Q3,4,15,0.0037937448
2024-09-15_18-05-02.jpg,2024-09-15 18:05:02,Q3,4,15,0.00089172006
2024-09-16_00-05-01.jpg,2024-09-16 00:05:01,Q3,4,15,0.0014806683
2024-09-16_03-05-02.jpg,2024-09-16 03:05:02,Q3,4,15,0.0014963389
2024-09-16_06-05-01.jpg,2024-09-16 06:05:01,Q3,4,15,0.0009633187
2024-09-16_12-05-01.jpg,2024-09-16 12:05:01,Q3,4,15,0.0017103859
2024-09-16_18-05-02.jpg,2024-09-16 18:05:02,Q3,5,11,0.00069524074
2024-09-17_00-05-02.jpg,2024-09-17 00:05:02,Q3,5,11,0.0016621602
2024-09-17_03-05-01.jpg,2024-09-17 03:05:01,Q3,5,11,0.0010090995
2024-09-17_06-05-01.jpg,2024-09-17 06:05:01,Q3,5,11,0.0010451978
2024-09-17_12-05-02.jpg,2024-09-17 12:05:02,Q3,5,11,0.0050149434
2024-09-17_18-05-01.jpg,2024-09-17 18:05:01,Q3,5,11,0.0020362844
2024-09-18_00-05-01.jpg,2024-09-18 00:05:01,Q3,5,9,0.0010505345
2024-09-18_03-05-02.jpg,2024-09-18 03:05:02,Q3,5,9,0.00090462854
2024-09-18_06-05-01.jpg,2024-09-18 06:05:01,Q3,5,9,0.000919387
2024-09-18_12-05-01.jpg,2024-09-18 12:05:01,Q3,5,10,0.0011763893
2024-09-18_18-05-01.jpg,2024-09-18 18:05:01,Q3,5,16,0.0010236283
2024-09-19_00-05-01.jpg,2024-09-19 00:05:01,Q3,5,16,0.0011493128
2024-09-19_03-05-01.jpg,2024-09-19 03:05:01,Q3,5,16,0.00091645407
2024-09-19_06-05-01.jpg,2024-09-19 06:05:01,Q3,5,16,0.0010470859
2024-09-19_12-05-02.jpg,2024-09-19 12:05:02,Q3,5,16,0.0027644054
2024-09-19_18-05-01.jpg,2024-09-19 18:05:01,Q3,5,16,0.0012343974
2024-09-20_00-05-01.jpg,2024-09-20 00:05:01,Q3,5,15,0.0011873879
2024-09-20_03-05-01.jpg,2024-09-20 03:05:01,Q3,5,16,0.0020921663
2024-09-20_06-05-01.jpg,2024-09-20 06:05:01,Q3,5,16,0.0008803047
2024-09-20_12-05-01.jpg,2024-09-20 12:05:01,Q3,5,17,0.004230547
2024-09-20_18-05-02.jpg,2024-09-20 18:05:02,Q3,5,27,0.0040525384
2024-09-21_00-05-02.jpg,2024-09-21 00:05:02,Q3,5,27,0.0013537443
2024-09-21_03-05-02.jpg,2024-09-21 03:05:02,Q3,5,27,0.0013546793
2024-09-21_06-05-02.jpg,2024-09-21 06:05:02,Q3,5,27,0.0013221682
2024-09-21_12-05-02.jpg,2024-09-21 12:05:02,Q3,5,27,0.005241705
2024-09-21_18-05-01.jpg,2024-09-21 18:05:01,Q3,5,28,0.005482826
2024-09-22_00-05-02.jpg,2024-09-22 00:05:02,Q3,5,28,0.0039258176
2024-09-22_03-05-01.jpg,2024-09-22 03:05:01,Q3,5,27,0.002245002
2024-09-22_06-05-02.jpg,2024-09-22 06:05:02,Q3,5,28,0.00515413
2024-09-22_12-05-01.jpg,2024-09-22 12:05:01,Q3,5,29,0.0016242733
2024-09-22_18-05-02.jpg,2024-09-22 18:05:02,Q3,6,1,0.0005131421
2024-09-23_00-05-01.jpg,2024-09-23 00:05:01,Q3,6,1,0.00083787914
2024-09-23_03-05-01.jpg,2024-09-23 03:05:01,Q3,6,1,0.000797234
2024-09-23_06-05-02.jpg,2024-09-23 06:05:02,Q3,6,1,0.000950396
2024-09-23_12-05-01.jpg,2024-09-23 12:05:01,Q3,6,1,0.00087633915
2024-09-23_18-05-02.jpg,2024-09-23 18:05:02,Q3,6,8,0.001326926
2024-09-24_00-05-01.jpg,2024-09-24 00:05:01,Q3,6,8,0.0010900726
2024-09-24_03-05-01.jpg,2024-09-24 03:05:01,Q3,6,8,0.0010666166
2024-09-24_06-05-01.jpg,2024-09-24 06:05:01,Q3,6,8,0.0010856405
2024-09-24_12-05-02.jpg,2024-09-24 12:05:02,Q3,6,8,0.0009512932
2024-09-24_18-05-02.jpg,2024-09-24 18:05:02,Q3,6,10,0.000993346
2024-09-25_00-05-02.jpg,2024-09-25 00:05:02,Q3,6,8,0.0019205664
2024-09-25_03-05-01.jpg,2024-09-25 03:05:01,Q3,6,9,0.0018717446
2024-09-25_06-05-02.jpg,2024-09-25 06:05:02,Q3,6,9,0.0023369936
2024-09-25_12-05-01.jpg,2024-09-25 12:05:01,Q3,6,10,0.0012755883
2024-09-25_18-05-02.jpg,2024-09-25 18:05:02,Q3,6,12,0.0010529825
2024-09-26_00-05-02.jpg,2024-09-26 00:05:02,Q3,6,12,0.0009703041
2024-09-26_03-05-01.jpg,2024-09-26 03:05:01,Q3,6,12,0.0009227946
2024-09-26_06-05-02.jpg,2024-09-26 06:05:02,Q3,6,12,0.010289185
2024-09-26_12-05-01.jpg,2024-09-26 12:05:01,Q3,6,11,0.0010723701
2024-09-26_18-05-02.jpg,2024-09-26 18:05:02,Q3,6,11,0.0027573314
2024-09-27_00-05-02.jpg,2024-09-27 00:05:02,Q3,6,11,0.002287599
2024-09-27_03-05-01.jpg,2024-09-27 03:05:01,Q3,6,11,0.0013324651
2024-09-27_06-05-01.jpg,2024-09-27 06:05:01,Q3,6,11,0.0011317903
2024-09-27_18-05-01.jpg,2024-09-27 18:05:01,Q3,6,14,0.0014131201
2024-09-28_00-05-02.jpg,2024-09-28 00:05:02,Q3,6,14,0.0010292812
2024-09-28_03-05-01.jpg,2024-09-28 03:05:01,Q3,6,14,0.0010316354
2024-09-28_06-05-02.jpg,2024-09-28 06:05:02,Q3,6,14,0.0015220927
2024-09-28_12-05-01.jpg,2024-09-28 12:05:01,Q3,6,14,0.0015807546
2024-09-28_18-05-01.jpg,2024-09-28 18:05:01,Q3,6,15,0.0017172785
2024-09-29_00-05-02.jpg,2024-09-29 00:05:02,Q3,6,14,0.0017554944
2024-09-29_03-05-01.jpg,2024-09-29 03:05:01,Q3,6,14,0.0016830094
2024-09-29_06-05-01.jpg,2024-09-29 06:05:01,Q3,6,14,0.0045555155
2024-09-29_12-05-01.jpg,2024-09-29 12:05:01,Q3,6,15,0.0032974738
2024-09-29_18-05-02.jpg,2024-09-29 18:05:02,Q3,6,15,0.0013255281
2024-09-30_00-05-02.jpg,2024-09-30 00:05:02,Q3,6,15,0.0014161775
2024-09-30_03-05-01.jpg,2024-09-30 03:05:01,Q3,6,15,0.0014090426
2024-09-30_06-05-01.jpg,2024-09-30 06:05:01,Q3,6,15,0.0014029854
2024-09-30_12-05-01.jpg,2024-09-30 12:05:01,Q3,6,15,0.0017008419
2024-09-30_18-05-01.jpg,2024-09-30 18:05:01,Q3,6,15,0.0014736512
2024-10-01_00-05-01.jpg,2024-10-01 00:05:01,Q4,6,15,0.0021703008
2024-10-01_03-05-01.jpg,2024-10-01 03:05:01,Q4,6,15,0.007026488
2024-10-01_06-05-02.jpg,2024-10-01 06:05:02,Q4,6,15,0.010719971
2024-10-01_12-05-01.jpg,2024-10-01 12:05:01,Q4,6,15,0.010552089
2024-10-01_18-05-02.jpg,2024-10-01 18:05:02,Q4,7,4,0.0030548545
2024-10-02_00-05-01.jpg,2024-10-02 00:05:01,Q4,7,4,0.0034525355
2024-10-02_03-05-01.jpg,2024-10-02 03:05:01,Q4,7,4,0.0036404335
2024-10-02_06-05-01.jpg,2024-10-02 06:05:01,Q4,7,4,0.0044224714
2024-10-02_12-05-02.jpg,2024-10-02 12:05:02,Q4,7,4,0.017603593
2024-10-02_18-05-01.jpg,2024-10-02 18:05:01,Q4,7,6,0.006213983
2024-10-03_00-05-02.jpg,2024-10-03 00:05:02,Q4,7,6,0.007543158
2024-10-03_03-05-01.jpg,2024-10-03 03:05:01,Q4,7,6,0.0070650037
2024-10-03_06-05-02.jpg,2024-10-03 06:05:02,Q4,7,6,0.0050960695
2024-10-03_12-05-01.jpg,2024-10-03 12:05:01,Q4,7,6,0.0057234317
2024-10-03_18-05-02.jpg,2024-10-03 18:05:02,Q4,7,5,0.0109447185
2024-10-04_00-05-02.jpg,2024-10-04 00:05:02,Q4,7,5,0.011565612
2024-10-04_03-05-02.jpg,2024-10-04 03:05:02,Q4,7,5,0.013096958
2024-10-04_06-05-01.jpg,2024-10-04 06:05:01,Q4,7,6,0.011497221
2024-10-04_12-05-01.jpg,2024-10-04 12:05:01,Q4,7,6,0.022264067
2024-10-04_18-05-02.jpg,2024-10-04 18:05:02,Q4,7,6,0.016947689
2024-10-05_00-05-01.jpg,2024-10-05 00:05:01,Q4,7,6,0.0107545545
2024-10-05_03-05-01.jpg,2024-10-05 03:05:01,Q4,7,5,0.011802228
2024-10-05_06-05-01.jpg,2024-10-05 06:05:01,Q4,7,6,0.022189112
2024-10-05_12-05-01.jpg,2024-10-05 12:05:01,Q4,7,5,0.01530764
2024-10-05_18-05-02.jpg,2024-10-05 18:05:02,Q4,7,7,0.010531787
2024-10-06_00-05-01.jpg,2024-10-06 00:05:01,Q4,7,7,0.011365831
2024-10-06_03-05-02.jpg,2024-10-06 03:05:02,Q4,7,7,0.01131761
2024-10-06_06-05-02.jpg,2024-10-06 06:05:02,Q4,7,7,0.012316447
2024-10-06_12-05-01.jpg,2024-10-06 12:05:01,Q4,7,7,0.022966018
2024-10-06_18-05-01.jpg,2024-10-06 18:05:01,Q4,7,10,0.0080816345
2024-10-07_00-05-01.jpg,2024-10-07 00:05:01,Q4,7,10,0.009087199
2024-10-07_03-05-01.jpg,2024-10-07 03:05:01,Q4,7,10,0.010277706
2024-10-07_06-05-02.jpg,2024-10-07 06:05:02,Q4,7,10,0.011833915
2024-10-07_12-05-01.jpg,2024-10-07 12:05:01,Q4,7,10,0.0132661695
2024-10-07_18-05-02.jpg,2024-10-07 18:05:02,Q4,7,11,0.009415131
2024-10-08_00-05-01.jpg,2024-10-08 00:05:01,Q4,7,11,0.012580884
2024-10-08_03-05-02.jpg,2024-10-08 03:05:02,Q4,7,11,0.011035262
2024-10-08_06-05-02.jpg,2024-10-08 06:05:02,Q4,7,11,0.01622902
2024-10-08_12-05-02.jpg,2024-10-08 12:05:02,Q4,7,11,0.009380459
2024-10-08_18-05-02.jpg,2024-10-08 18:05:02,Q4,7,11,0.010521404
2024-10-09_00-05-01.jpg,2024-10-09 00:05:01,Q4,7,12,0.010854619
2024-10-09_03-05-02.jpg,2024-10-09 03:05:02,Q4,7,12,0.012497204
2024-10-09_06-05-01.jpg,2024-10-09 06:05:01,Q4,7,12,0.013286308
2024-10-09_12-05-02.jpg,2024-10-09 12:05:02,Q4,7,12,0.010671355
2024-10-09_18-05-01.jpg,2024-10-09 18:05:01,Q4,7,12,0.012792724
2024-10-10_00-05-01.jpg,2024-10-10 00:05:01,Q4,7,13,0.009548513
2024-10-10_03-05-02.jpg,2024-10-10 03:05:02,Q4,7,13,0.009381233
2024-10-10_06-05-01.jpg,2024-10-10 06:05:01,Q4,7,13,0.008982516
2024-10-10_12-05-01.jpg,2024-10-10 12:05:01,Q4,7,13,0.0182688
2024-10-10_18-05-01.jpg,2024-10-10 18:05:01,Q4,7,13,0.024540959
2024-10-11_00-05-01.jpg,2024-10-11 00:05:01,Q4,7,13,0.020536616
2024-10-11_03-05-01.jpg,2024-10-11 03:05:01,Q4,7,13,0.023189882
2024-10-11_06-05-01.jpg,2024-10-11 06:05:01,Q4,7,12,0.02670542
2024-10-11_12-05-01.jpg,2024-10-11 12:05:01,Q4,7,0,0.038215544
2024-10-11_18-05-01.jpg,2024-10-11 18:05:01,Q4,7,4,0.005163225
2024-10-12_00-05-02.jpg,2024-10-12 00:05:02,Q4,7,4,0.0041549983
2024-10-12_03-05-02.jpg,2024-10-12 03:05:02,Q4,7,4,0.0051020216
2024-10-12_06-05-01.jpg,2024-10-12 06:05:01,Q4,7,4,0.003599562
2024-10-12_12-05-02.jpg,2024-10-12 12:05:02,Q4,7,4,0.027180243
2024-10-12_18-05-02.jpg,2024-10-12 18:05:02,Q4,7,6,0.0066429763
2024-10-13_00-05-01.jpg,2024-10-13 00:05:01,Q4,7,6,0.0047201347
2024-10-13_03-05-01.jpg,2024-10-13 03:05:01,Q4,7,6,0.0061381157
2024-10-13_06-05-01.jpg,2024-10-13 06:05:01,Q4,7,6,0.0076268464
2024-10-13_12-05-01.jpg,2024-10-13 12:05:01,Q4,7,6,0.00841056
2024-10-13_18-05-02.jpg,2024-10-13 18:05:02,Q4,7,6,0.006641599
2024-10-14_00-05-01.jpg,2024-10-14 00:05:01,Q4,7,6,0.006197163
2024-10-14_03-05-01.jpg,2024-10-14 03:05:01,Q4,7,6,0.0066223824
2024-10-14_06-05-02.jpg,2024-10-14 06:05:02,Q4,7,6,0.0048567737
2024-10-14_12-05-01.jpg,2024-10-14 12:05:01,Q4,7,6,0.023368564
2024-10-14_18-05-02.jpg,2024-10-14 18:05:02,Q4,7,6,0.006680215
2024-10-15_00-05-01.jpg,2024-10-15 00:05:01,Q4,7,6,0.006909068
2024-10-15_03-05-01.jpg,2024-10-15 03:05:01,Q4,7,6,0.0050406614
2024-10-15_06-05-02.jpg,2024-10-15 06:05:02,Q4,7,6,0.00945621
2024-10-15_12-05-02.jpg,2024-10-15 12:05:02,Q4,7,6,0.024293229
2024-10-15_18-05-01.jpg,2024-10-15 18:05:01,Q4,7,9,0.008191464
2024-10-16_00-05-01.jpg,2024-10-16 00:05:01,Q4,7,9,0.006818891
2024-10-16_03-05-02.jpg,2024-10-16 03:05:02,Q4,7,9,0.0073358053
2024-10-16_06-05-01.jpg,2024-10-16 06:05:01,Q4,7,9,0.009534235
2024-10-16_12-05-01.jpg,2024-10-16 12:05:01,Q4,7,9,0.008737134
2024-10-16_18-05-02.jpg,2024-10-16 18:05:02,Q4,7,9,0.0064348876
2024-10-17_00-05-01.jpg,2024-10-17 00:05:01,Q4,7,9,0.008561044
2024-10-17_03-05-01.jpg,2024-10-17 03:05:01,Q4,7,9,0.007391944
2024-10-17_06-05-01.jpg,2024-10-17 06:05:01,Q4,7,9,0.006975015
2024-10-17_12-05-01.jpg,2024-10-17 12:05:01,Q4,7,9,0.011413394
2024-10-17_18-05-01.jpg,2024-10-17 18:05:01,Q4,7,9,0.008213819
2024-10-18_00-05-02.jpg,2024-10-18 00:05:02,Q4,7,10,0.008680467
2024-10-18_03-05-02.jpg,2024-10-18 03:05:02,Q4,7,9,0.00723626
2024-10-18_12-05-02.jpg,2024-10-18 12:05:02,Q4,7,10,0.01426835
2024-10-18_18-05-01.jpg,2024-10-18 18:05:01,Q4,8,2,0.0037270647
2024-10-19_00-05-01.jpg,2024-10-19 00:05:01,Q4,8,2,0.0037526044
2024-10-19_03-05-01.jpg,2024-10-19 03:05:01,Q4,8,2,0.004484743
2024-10-19_06-05-01.jpg,2024-10-19 06:05:01,Q4,8,2,0.00360221
2024-10-19_12-05-02.jpg,2024-10-19 12:05:02,Q4,8,2,0.0063192835
2024-10-19_18-05-02.jpg,2024-10-19 18:05:02,Q4,8,2,0.0042257956
2024-10-20_00-05-01.jpg,2024-10-20 00:05:01,Q4,8,2,0.003556857
2024-10-20_03-05-01.jpg,2024-10-20 03:05:01,Q4,8,2,0.003555165
2024-10-20_06-05-01.jpg,2024-10-20 06:05:01,Q4,8,2,0.011083178
2024-10-20_12-05-01.jpg,2024-10-20 12:05:01,Q4,8,2,0.014940926
2024-10-20_18-05-01.jpg,2024-10-20 18:05:01,Q4,8,2,0.0038682448
2024-10-21_00-05-01.jpg,2024-10-21 00:05:01,Q4,8,2,0.003965181
2024-10-21_03-05-02.jpg,2024-10-21 03:05:02,Q4,8,2,0.0031096933
2024-10-21_06-05-01.jpg,2024-10-21 06:05:01,Q4,8,2,0.012592022
2024-10-21_12-05-02.jpg,2024-10-21 12:05:02,Q4,8,2,0.017235545
2024-10-21_18-05-01.jpg,2024-10-21 18:05:01,Q4,8,3,0.0032533999
2024-10-22_00-05-01.jpg,2024-10-22 00:05:01,Q4,8,3,0.0031895142
2024-10-22_03-05-02.jpg,2024-10-22 03:05:02,Q4,8,3,0.0032905454
2024-10-22_06-05-02.jpg,2024-10-22 06:05:02,Q4,8,3,0.004742328
2024-10-22_12-05-01.jpg,2024-10-22 12:05:01,Q4,8,3,0.018372046
2024-10-22_18-05-02.jpg,2024-10-22 18:05:02,Q4,8,3,0.004258482
2024-10-23_00-05-02.jpg,2024-10-23 00:05:02,Q4,8,3,0.0045983633
2024-10-23_03-05-01.jpg,2024-10-23 03:05:01,Q4,8,3,0.004924838
2024-10-23_06-05-02.jpg,2024-10-23 06:05:02,Q4,8,2,0.0048998813
2024-10-23_18-05-02.jpg,2024-10-23 18:05:02,Q4,8,3,0.0046590823
2024-10-24_00-05-01.jpg,2024-10-24 00:05:01,Q4,8,3,0.0045670657
2024-10-24_03-05-02.jpg,2024-10-24 03:05:02,Q4,8,3,0.00456858
2024-10-24_06-05-01.jpg,2024-10-24 06:05:01,Q4,8,3,0.0044667167
2024-10-24_12-05-01.jpg,2024-10-24 12:05:01,Q4,8,3,0.004513632
2024-10-24_18-05-02.jpg,2024-10-24 18:05:02,Q4,8,3,0.005057878
2024-10-25_00-05-01.jpg,2024-10-25 00:05:01,Q4,8,3,0.0043296507
2024-10-25_03-05-01.jpg,2024-10-25 03:05:01,Q4,8,3,0.004653121
2024-10-25_06-05-01.jpg,2024-10-25 06:05:01,Q4,8,3,0.004292711
2024-10-25_12-05-01.jpg,2024-10-25 12:05:01,Q4,8,3,0.006224645
2024-10-25_18-05-01.jpg,2024-10-25 18:05:01,Q4,8,3,0.0037292887
2024-10-26_00-05-01.jpg,2024-10-26 00:05:01,Q4,8,3,0.004542436
2024-10-26_03-05-01.jpg,2024-10-26 03:05:01,Q4,8,3,0.0047368803
2024-10-26_06-05-02.jpg,2024-10-26 06:05:02,Q4,8,3,0.0057915053
2024-10-26_12-05-02.jpg,2024-10-26 12:05:02,Q4,8,3,0.018369092
2024-10-26_18-05-02.jpg,2024-10-26 18:05:02,Q4,8,3,0.0039366838
2024-10-27_00-05-02.jpg,2024-10-27 00:05:02,Q4,8,3,0.0044123214
2024-10-27_03-05-01.jpg,2024-10-27 03:05:01,Q4,8,3,0.0046315975
2024-10-27_06-05-02.jpg,2024-10-27 06:05:02,Q4,8,3,0.0044308803
2024-10-27_12-05-02.jpg,2024-10-27 12:05:02,Q4,8,3,0.005891501
2024-10-27_18-05-01.jpg,2024-10-27 18:05:01,Q4,8,4,0.0054912935
2024-10-28_00-05-01.jpg,2024-10-28 00:05:01,Q4,8,4,0.005988884
2024-10-28_03-05-01.jpg,2024-10-28 03:05:01,Q4,8,4,0.006426586
2024-10-28_06-05-01.jpg,2024-10-28 06:05:01,Q4,8,4,0.009134528
2024-10-28_12-05-01.jpg,2024-10-28 12:05:01,Q4,8,4,0.03142563
2024-10-28_18-05-02.jpg,2024-10-28 18:05:02,Q4,8,4,0.005344508
2024-10-29_00-05-01.jpg,2024-10-29 00:05:01,Q4,8,4,0.0059718965
2024-10-29_03-05-02.jpg,2024-10-29 03:05:02,Q4,8,4,0.006940633
2024-10-29_06-05-02.jpg,2024-10-29 06:05:02,Q4,8,4,0.009282732
2024-10-29_12-05-01.jpg,2024-10-29 12:05:01,Q4,8,4,0.0070979586
2024-10-29_18-05-02.jpg,2024-10-29 18:05:02,Q4,8,4,0.0052348115
2024-10-30_00-05-01.jpg,2024-10-30 00:05:01,Q4,8,5,0.0064418674
2024-10-30_03-05-02.jpg,2024-10-30 03:05:02,Q4,8,6,0.006680981
2024-10-30_06-05-01.jpg,2024-10-30 06:05:01,Q4,8,5,0.0057581575
2024-10-30_12-05-01.jpg,2024-10-30 12:05:01,Q4,8,5,0.009221597
2024-10-30_18-05-01.jpg,2024-10-30 18:05:01,Q4,8,5,0.007538827
2024-10-31_00-05-02.jpg,2024-10-31 00:05:02,Q4,8,5,0.0068714153
2024-10-31_03-05-01.jpg,2024-10-31 03:05:01,Q4,8,5,0.00867834
2024-10-31_06-05-02.jpg,2024-10-31 06:05:02,Q4,8,5,0.006781472
2024-10-31_12-05-01.jpg,2024-10-31 12:05:01,Q4,8,6,0.0075696833
2024-10-31_18-05-01.jpg,2024-10-31 18:05:01,Q4,8,6,0.0059766592
2024-11-01_00-05-01.jpg,2024-11-01 00:05:01,Q4,8,6,0.006925339
2024-11-01_03-05-01.jpg,2024-11-01 03:05:01,Q4,8,6,0.0069881133
2024-11-01_06-05-01.jpg,2024-11-01 06:05:01,Q4,8,6,0.006632716
2024-11-01_12-05-01.jpg,2024-11-01 12:05:01,Q4,8,6,0.038703203
2024-11-01_18-05-01.jpg,2024-11-01 18:05:01,Q4,8,6,0.0053138784
2024-11-02_00-05-02.jpg,2024-11-02 00:05:02,Q4,8,6,0.007401955
2024-11-02_03-05-01.jpg,2024-11-02 03:05:01,Q4,8,6,0.0071724225
2024-11-02_06-05-02.jpg,2024-11-02 06:05:02,Q4,8,6,0.010523171
2024-11-02_12-05-01.jpg,2024-11-02 12:05:01,Q4,8,6,0.017858978
2024-11-02_18-05-02.jpg,2024-11-02 18:05:02,Q4,8,6,0.0053398674
2024-11-03_00-05-01.jpg,2024-11-03 00:05:01,Q4,8,6,0.0067439377
2024-11-03_03-05-01.jpg,2024-11-03 03:05:01,Q4,8,6,0.0067780735
2024-11-03_06-05-01.jpg,2024-11-03 06:05:01,Q4,8,6,0.004502032
2024-11-03_12-05-01.jpg,2024-11-03 12:05:01,Q4,8,6,0.01916006
2024-11-03_18-05-02.jpg,2024-11-03 18:05:02,Q4,8,6,0.005283777
2024-11-04_00-05-01.jpg,2024-11-04 00:05:01,Q4,8,6,0.0069181067
2024-11-04_03-05-01.jpg,2024-11-04 03:05:01,Q4,8,6,0.0068808054
2024-11-04_06-05-01.jpg,2024-11-04 06:05:01,Q4,8,6,0.004700798
2024-11-04_12-05-02.jpg,2024-11-04 12:05:02,Q4,8,6,0.00628595
2024-11-04_18-05-01.jpg,2024-11-04 18:05:01,Q4,8,7,0.0074628536
2024-11-05_00-05-01.jpg,2024-11-05 00:05:01,Q4,8,7,0.0074907383
2024-11-05_03-05-01.jpg,2024-11-05 03:05:01,Q4,8,7,0.008456472
2024-11-05_06-05-01.jpg,2024-11-05 06:05:01,Q4,8,7,0.0048980913
2024-11-05_12-05-01.jpg,2024-11-05 12:05:01,Q4,8,7,0.009003931
2024-11-05_18-05-01.jpg,2024-11-05 18:05:01,Q4,8,6,0.005201873
2024-11-06_00-05-01.jpg,2024-11-06 00:05:01,Q4,8,6,0.006500873
2024-11-06_03-05-01.jpg,2024-11-06 03:05:01,Q4,8,6,0.0068060774
2024-11-06_06-05-01.jpg,2024-11-06 06:05:01,Q4,8,6,0.0063226908
2024-11-06_12-05-01.jpg,2024-11-06 12:05:01,Q4,8,7,0.00689669
2024-11-06_18-05-01.jpg,2024-11-06 18:05:01,Q4,8,6,0.0056689912
2024-11-07_00-05-01.jpg,2024-11-07 00:05:01,Q4,8,6,0.0067280005
2024-11-07_03-05-01.jpg,2024-11-07 03:05:01,Q4,8,6,0.006940625
2024-11-07_06-05-02.jpg,2024-11-07 06:05:02,Q4,8,6,0.0077882744
2024-11-07_12-05-01.jpg,2024-11-07 12:05:01,Q4,8,6,0.0071372986
2024-11-07_18-05-01.jpg,2024-11-07 18:05:01,Q4,8,6,0.0056873495
2024-11-08_00-05-01.jpg,2024-11-08 00:05:01,Q4,8,6,0.006923287
2024-11-08_03-05-02.jpg,2024-11-08 03:05:02,Q4,8,6,0.0071205785
2024-11-08_06-05-01.jpg,2024-11-08 06:05:01,Q4,8,6,0.010063448
2024-11-08_12-05-01.jpg,2024-11-08 12:05:01,Q4,8,6,0.0067984364
2024-11-08_18-05-02.jpg,2024-11-08 18:05:02,Q4,8,6,0.0051198094
2024-11-09_00-05-02.jpg,2024-11-09 00:05:02,Q4,8,6,0.006862861
2024-11-09_03-05-01.jpg,2024-11-09 03:05:01,Q4,8,6,0.0065018614
2024-11-09_06-05-01.jpg,2024-11-09 06:05:01,Q4,8,6,0.0043488834
2024-11-09_12-05-01.jpg,2024-11-09 12:05:01,Q4,8,6,0.0073853303
2024-11-09_18-05-02.jpg,2024-11-09 18:05:02,Q4,8,6,0.0051884255
2024-11-10_00-05-02.jpg,2024-11-10 00:05:02,Q4,8,6,0.00693867
2024-11-10_03-05-01.jpg,2024-11-10 03:05:01,Q4,8,6,0.0070009027
2024-11-10_06-05-01.jpg,2024-11-10 06:05:01,Q4,8,6,0.011419927
2024-11-10_12-05-01.jpg,2024-11-10 12:05:01,Q4,8,6,0.008857811
2024-11-10_18-05-02.jpg,2024-11-10 18:05:02,Q4,8,0,0.0027895332
