brightness,contrast,saturation,edge_density,entropy,color_divergence,quarter,datetime,env_variance_score,recon_error_ConvAE,recon_error_VAE,recon_error_ResAttnAE,recon_error_MemAE
0.9810722,0.02868744,0.047271114,0.24989149305555555,1.6780870116281803,0.502831635240803,Q3,2024-07-01 00:05:05,4.306579815067301,0.0004978859,0.18570606,0.0004180778,0.0010065566
0.83039874,0.15692005,0.068125896,0.25,4.7636343990143795,0.2078534497841437,Q3,2024-07-01 03:05:03,0.22393953528651886,0.0008832287,0.10253216,0.00097496476,0.005479749
0.9675065,0.051601484,0.0807184,0.2494574652777778,2.2324259506266855,0.4510869227478592,Q3,2024-07-01 06:05:03,8.741584203379166,0.00036128846,0.17660472,0.0005356002,0.0028458943
0.9431133,0.051676426,0.15232304,0.25,1.948024320691045,0.4684118635607837,Q3,2024-07-01 18:05:03,2.877101056286577,0.0005909246,0.15970014,0.0003905861,0.00368204
0.64246136,0.14840837,0.41170374,0.25,5.0555661796611835,0.2822531219308067,Q3,2024-07-02 00:05:03,2.6028268659358527,0.0024384686,0.04913307,0.0017799736,0.017097667
0.7667027,0.15335469,0.25650936,0.25,4.923957653875968,0.16588990136831372,Q3,2024-07-02 03:05:03,0.724374682309417,0.0016863612,0.07762309,0.001502177,0.008814232
0.98107964,0.05981549,0.03331392,0.25,1.5542885738749739,0.5075548380734614,Q3,2024-07-02 06:05:03,3.4830293439515114,0.001957592,0.18841209,0.0021727008,0.0034628543
0.93889344,0.041808262,0.16866153,0.2497829861111111,1.9760830835285268,0.4761346950749321,Q3,2024-07-02 18:05:03,4.0362731908704985,0.00060157524,0.15657017,0.00039634245,0.0031973699
0.6454356,0.14998594,0.3654014,0.25,5.077179686479704,0.30042877777592897,Q3,2024-07-03 00:05:03,1.90888848925972,0.0026268663,0.04600401,0.0019753214,0.013732376
0.9838434,0.027160065,0.03912274,0.24934895833333334,1.4929053541542099,0.5180048730396534,Q3,2024-07-03 03:05:05,13.16147902284674,0.0007609125,0.18788928,0.00073062844,0.0008927206
0.96828324,0.03913387,0.064843446,0.25,2.1081047943053552,0.47153243458388905,Q3,2024-07-03 06:05:03,3.269782775092468,0.001774172,0.17597373,0.0018063552,0.0024416598
0.93450904,0.05100858,0.17885254,0.24913194444444445,2.1577188789849537,0.4652551597775058,Q3,2024-07-03 18:05:03,18.475724790670743,0.0006047738,0.15472434,0.00036768877,0.0044058333
0.66194725,0.1522949,0.37302256,0.25,5.069027773406712,0.26468436123148625,Q3,2024-07-04 00:05:03,1.9718807623141679,0.0021974286,0.050732855,0.0014694522,0.014137249
0.76766896,0.15846722,0.21892197,0.24989149305555555,5.001198408154691,0.18976005928910394,Q3,2024-07-04 03:05:01,0.6154434511981872,0.0012140343,0.0767971,0.0010422027,0.0069013215
0.96040034,0.051769886,0.101453945,0.24989149305555555,1.9288617836972304,0.46377197899472467,Q3,2024-07-04 06:05:02,3.1045418487507708,0.00038058558,0.17140149,0.00029852384,0.0030340059
0.9028308,0.0531945,0.2721386,0.24989149305555555,2.4338820643728916,0.4503610976690897,Q3,2024-07-04 18:05:01,3.127745857810481,0.0029166087,0.14003761,0.0027771967,0.009147891
0.41688326,0.11818978,0.3270365,0.25,4.7783408567943875,0.6080868459870656,Q3,2024-07-05 00:05:02,3.7064349462377826,0.0045142416,0.03652431,0.0051139453,0.008849959
0.76268363,0.15596369,0.11993489,0.25,5.037780876434692,0.26911202701480613,Q3,2024-07-05 03:05:02,0.09237073861893225,0.0010149529,0.070200145,0.0009965604,0.0059879264
0.97261935,0.04747116,0.06701189,0.2490234375,2.1028139275699838,0.4616910037801749,Q3,2024-07-05 06:05:01,22.976508375973186,0.0021880188,0.18042415,0.0019136571,0.0024902958
0.86931413,0.05961015,0.30974084,0.25,2.743491358790521,0.37577777348995745,Q3,2024-07-05 18:05:01,2.728608274129489,0.002336169,0.120849915,0.0025600418,0.012158041
0.9153348,0.061860044,0.15725851,0.25,2.8358668516998735,0.34984967628558045,Q3,2024-07-06 06:05:02,1.76516596733072,0.0019341053,0.13951339,0.0012089298,0.005213953
0.8737188,0.05043512,0.31294477,0.24989149305555555,2.5543886119169814,0.3851681270732427,Q3,2024-07-06 18:05:02,3.287240704898771,0.0013097272,0.12257307,0.0007995345,0.010669691
0.72607666,0.06452867,0.31753844,0.25,3.6009472546722217,0.4419341219692475,Q3,2024-07-07 06:05:02,2.504271832273739,0.0055710394,0.048825763,0.004310595,0.031978946
0.957016,0.059762295,0.09889963,0.24989149305555555,2.268093800798601,0.41924227965532895,Q3,2024-07-07 18:05:01,2.5423578335024146,0.0006646793,0.16947164,0.00055544125,0.0038608292
0.7776093,0.14990298,0.25041473,0.25,4.8553270557346595,0.1559305286598919,Q3,2024-07-08 00:05:01,0.70514075185317,0.0057435334,0.08167649,0.005870539,0.010507957
0.7543997,0.15349571,0.18494517,0.25,5.015928746877263,0.2494670050022436,Q3,2024-07-13 00:05:01,0.213507184907862,0.0048317467,0.06818406,0.0050055366,0.007641687
0.97477126,0.045207284,0.05555025,0.2497829861111111,1.702368301950102,0.48301879801792963,Q3,2024-07-14 06:05:01,4.374662697867827,0.0013666697,0.18167053,0.0009541851,0.0025535508
0.94672036,0.092741445,0.057935715,0.25,2.8211515289244744,0.3950595666597348,Q3,2024-07-16 00:05:02,1.4320460300335975,0.0008735084,0.16522005,0.0008812615,0.004147129
0.96349525,0.045275964,0.086609975,0.24989149305555555,1.9029571611777254,0.44761958647473316,Q3,2024-07-18 06:05:02,3.27209961837873,0.00072530104,0.17272657,0.0005231159,0.002334289
0.9678781,0.04734129,0.069320746,0.24989149305555555,2.0597220324013925,0.45681384932745445,Q3,2024-07-19 06:05:02,3.198050285569972,0.0008583667,0.17620556,0.00061037845,0.002552204
0.8685648,0.060232215,0.1707624,0.25,3.453564848393988,0.3932073229026705,Q3,2024-07-22 06:05:01,1.578436849307387,0.00582844,0.10942763,0.0057035903,0.016491635
0.82380646,0.16421548,0.14952442,0.25,4.712413749885377,0.1615027748561548,Q3,2024-07-28 00:05:02,0.23700562392319235,0.0039117914,0.104730554,0.004007185,0.010638733
0.9598396,0.069709525,0.07125147,0.25,2.4691426065507147,0.42418315397873874,Q3,2024-07-28 18:05:01,2.1046896189352835,0.0016013952,0.17230156,0.0013590889,0.005511939
0.92277646,0.07193916,0.14462157,0.25,2.9067840690812496,0.3606146322461522,Q3,2024-07-29 18:05:02,1.5309941411900123,0.0068135657,0.14539546,0.005121035,0.0052748914
0.67231727,0.13477272,0.14529297,0.25,4.878363388046404,0.39811903752667993,Q3,2024-08-13 18:05:01,0.3837475074749898,0.0008596354,0.034110885,0.0007996051,0.0036732708
0.4021188,0.15862536,0.22551791,0.25,5.11827734177915,0.5910376218037595,Q3,2024-08-14 00:05:01,2.662276578691387,0.00095198234,0.048363958,0.000822368,0.004098203
0.44973913,0.1591916,0.17312168,0.24989149305555555,5.146690732924206,0.5584712154987782,Q3,2024-08-14 03:05:01,2.11848626398795,0.0010119238,0.036259335,0.0005765171,0.0026252987
0.63354963,0.113478914,0.3058419,0.25,4.676625563565313,0.4369262090215195,Q3,2024-08-14 06:05:02,1.654931671418962,0.0020970816,0.026346853,0.0027534177,0.007199567
0.48795876,0.0930026,0.16457257,0.25,3.9476980860333284,0.648885840655072,Q3,2024-08-14 18:05:02,2.7600414999013245,0.0019998583,0.013443957,0.0021359269,0.0036255752
0.45586574,0.16766866,0.15791798,0.24989149305555555,5.165774521623705,0.5507525014298115,Q3,2024-08-15 00:05:01,2.004455982483711,0.00067769206,0.037738163,0.00065625337,0.0018911618
0.44553593,0.16832738,0.13225995,0.25,5.159555836550803,0.5603061497196417,Q3,2024-08-15 03:05:01,1.907222988221183,0.0006726898,0.03977938,0.0006903015,0.0019975896
0.8053323,0.15379617,0.2411774,0.25,4.580213530253783,0.18585555948423027,Q3,2024-08-15 06:05:02,0.5334435997972188,0.0011250145,0.09386258,0.0011860968,0.0077408142
0.48202658,0.103570715,0.064387925,0.25,4.2605689067405095,0.6393038617031079,Q3,2024-08-15 18:05:01,2.600284680295965,0.0011057346,0.016038787,0.0014169418,0.0037168202
0.45556653,0.1687617,0.21157691,0.25,5.18874366834717,0.545054288504501,Q3,2024-08-16 00:05:01,1.982164726160707,0.0009638847,0.038734816,0.0008301548,0.0020535667
0.44588184,0.16868281,0.15022017,0.24989149305555555,5.1756804286935,0.5582819304874574,Q3,2024-08-16 03:05:02,2.0980307687867636,0.00078649767,0.039953664,0.0007833753,0.0018895897
0.73411137,0.15723242,0.14088519,0.25,4.813599302317629,0.361965142558702,Q3,2024-08-16 06:05:01,0.11931275762081106,0.0020110337,0.059004612,0.0016598823,0.006131329
0.5834973,0.18559742,0.11537854,0.25,5.424978995461675,0.39055489265421306,Q3,2024-08-16 12:05:01,0.6885069248790378,0.009794156,0.03601121,0.010187466,0.014308441
0.47986168,0.10424642,0.081645995,0.25,4.23652938456466,0.6489033164358119,Q3,2024-08-16 18:05:01,2.6237705811541163,0.00079135364,0.016155755,0.0010593712,0.002367623
0.44009653,0.16807874,0.15226972,0.25,5.16822541769988,0.5627610520582527,Q3,2024-08-17 00:05:01,1.9782183228222643,0.0006978961,0.041064296,0.0008020372,0.0018423109
0.44363424,0.16798803,0.16793679,0.25,5.177954315946605,0.5592839638016509,Q3,2024-08-17 03:05:01,1.9699914106498266,0.0007084196,0.040357515,0.00080314104,0.0018794201
0.8640872,0.16632153,0.0941985,0.25,4.42097168289285,0.22526110593349993,Q3,2024-08-17 06:05:01,0.14679332327271874,0.0010463258,0.12561648,0.00097428745,0.0076084016
0.49131733,0.10479761,0.082383186,0.25,4.191871464921402,0.6476943356350451,Q3,2024-08-17 18:05:02,2.5428240615760185,0.0007959988,0.014757021,0.0009713025,0.0028618053
0.45289236,0.17143252,0.2280302,0.25,5.216429001547468,0.5418088863294506,Q3,2024-08-18 00:05:01,2.080124756071014,0.0011572464,0.040487822,0.0010263746,0.0025179863
0.44077766,0.17098619,0.15996079,0.25,5.200815820795128,0.5587629894964216,Q3,2024-08-18 03:05:01,1.9763621677670409,0.0007951442,0.041928217,0.0009190598,0.0022457198
0.7773692,0.17017394,0.19279987,0.25,4.883726895508488,0.22603644960071728,Q3,2024-08-18 06:05:02,0.22619171179202638,0.0014842269,0.082836,0.0014192184,0.008930791
0.6269672,0.17581888,0.058052644,0.25,5.184050579513108,0.4280509454432944,Q3,2024-08-18 12:05:01,0.65051408043014,0.0077598165,0.037042066,0.009208414,0.012305989
0.47389185,0.106334805,0.13918129,0.25,4.238680262353144,0.6435124039473152,Q3,2024-08-18 18:05:01,2.548156472194077,0.0010840122,0.01779081,0.0010231473,0.0032080605
0.4876746,0.17663433,0.11357849,0.25,5.285310218888205,0.5204356765750541,Q3,2024-08-19 00:05:01,1.4982748483321675,0.0011484527,0.035591822,0.00089597167,0.0027804303
0.91925454,0.115857616,0.0411775,0.25,3.5062946633135805,0.4296995721073141,Q3,2024-08-19 03:05:01,0.95281827328151,0.0009352314,0.14864725,0.0010304861,0.007725892
0.7576009,0.16776899,0.2666506,0.25,4.969442841153077,0.1879065381475658,Q3,2024-08-19 06:05:01,0.7460656663567956,0.001558763,0.07752142,0.001401144,0.011369223
0.75431406,0.18598883,0.08660406,0.25,5.301754273001531,0.18561483723651842,Q3,2024-08-19 12:05:02,0.3467177907540822,0.010884138,0.07639974,0.015153545,0.02248281
0.45612615,0.14032847,0.22915268,0.25,4.940499792961235,0.5908595733841456,Q3,2024-08-19 18:05:01,2.345226842439334,0.001103937,0.03034414,0.0010510241,0.004752578
0.4868013,0.17888376,0.13889512,0.25,5.275912422718402,0.5204711270006676,Q3,2024-08-20 00:05:01,1.5099076148923778,0.0010175114,0.036627002,0.0011759883,0.003307909
0.48836312,0.17924297,0.14240237,0.25,5.293718155443509,0.5178516609539671,Q3,2024-08-20 03:05:01,1.4982540431723006,0.0011111723,0.03656425,0.0012919293,0.0032392156
0.7589982,0.17089061,0.20279905,0.25,4.867797678734096,0.28998112431933765,Q3,2024-08-20 06:05:01,0.2241964523684392,0.0017972679,0.07571336,0.0019036158,0.009868767
0.9737533,0.07320643,0.03286517,0.25,1.432004490227994,0.48712680913632506,Q3,2024-08-20 12:05:02,3.185526079626771,0.0013052153,0.18375397,0.00094342045,0.0054031853
0.43000963,0.12804128,0.253345,0.25,4.713202800038243,0.6255757391471943,Q3,2024-08-20 18:05:01,2.9485779843946123,0.0028461267,0.032911055,0.0028675157,0.0048087398
0.7307283,0.08508027,0.036924217,0.25,3.2691558239271687,0.5972040569358557,Q3,2024-08-21 00:05:01,2.065431081797291,0.0032205733,0.039575633,0.0022661856,0.0073902686
0.912779,0.12216175,0.041308157,0.25,3.5961082547522696,0.42928760291919343,Q3,2024-08-21 03:05:02,0.8484266125751722,0.0017265013,0.14549482,0.002084017,0.008200238
0.93533695,0.12125339,0.122974396,0.25,2.6724069683586067,0.391747756735848,Q3,2024-08-21 06:05:01,0.9731186414175204,0.0015626523,0.16392288,0.0013219328,0.011943255
0.9341627,0.15001824,0.05252759,0.25,2.851730016732733,0.38719578558548695,Q3,2024-08-21 12:05:02,0.8315730934786095,0.00076112873,0.16886407,0.00052797917,0.0047355853
0.5804149,0.09719017,0.050628453,0.25,3.841786810406485,0.6254305836690456,Q3,2024-08-21 18:05:02,2.2130429650772574,0.000906125,0.010678178,0.0007278698,0.00523794
0.5717838,0.17547171,0.0729833,0.25,5.341125631710112,0.427509895048306,Q3,2024-08-22 00:05:02,0.8332673830076773,0.0009263611,0.03137292,0.0007758447,0.0044270298
0.65242606,0.17991598,0.1164756,0.25,5.320373520870209,0.33090421313325624,Q3,2024-08-22 03:05:01,0.33765699939422283,0.00080951577,0.0432036,0.0009105268,0.0044167107
0.65022695,0.1296246,0.15710145,0.25,4.556300108753363,0.487013603234482,Q3,2024-08-22 06:05:01,0.7259529659787723,0.0017805367,0.02766999,0.0015782019,0.004890511
0.77891564,0.16289526,0.08336467,0.25,5.043466755142081,0.16232900511456072,Q3,2024-08-22 12:05:01,0.29573823765209417,0.00957209,0.07879066,0.012145764,0.017365575
0.37403733,0.06481043,0.05428775,0.24913194444444445,3.177802520708944,0.7441590679118835,Q3,2024-08-22 18:05:01,20.817272981538274,0.00085421826,0.035918646,0.000632498,0.006399817
0.4614063,0.13905752,0.07373513,0.25,4.912176600423072,0.5722047475541358,Q3,2024-08-23 00:05:01,1.9678626750372719,0.003457012,0.027596261,0.002410776,0.00760394
0.69787395,0.19200954,0.07982483,0.25,5.315940490574261,0.2555806426925017,Q3,2024-08-23 03:05:01,0.35238662161996376,0.0016478003,0.058480784,0.0017459065,0.0060540014
0.88443244,0.15394211,0.21120757,0.25,2.780674546390718,0.3253465587925916,Q3,2024-08-23 06:05:02,0.7166050031849432,0.0031724544,0.13993025,0.0022735153,0.00923535
0.9298921,0.10662599,0.062585324,0.25,3.2317779834781337,0.3202510335427139,Q3,2024-08-23 12:05:01,0.9032761969713473,0.0016546755,0.15488182,0.00088301516,0.00518451
0.8695955,0.16948567,0.03156455,0.25,4.348842183997296,0.2760515125205503,Q3,2024-08-23 18:05:02,0.3279624742450268,0.0010694476,0.12976865,0.0007148906,0.0076943347
0.8391028,0.19189516,0.10569842,0.25,4.616760106083786,0.16506305195876803,Q3,2024-08-24 00:05:02,0.30284004909152296,0.0033841028,0.120439164,0.0033498434,0.0073229033
0.81004363,0.13875158,0.044661097,0.25,4.1561147968325205,0.45672921371059955,Q3,2024-08-24 18:05:01,0.5474600379704871,0.00082704285,0.086121015,0.0007587778,0.0070882803
0.70074904,0.19028926,0.12883481,0.25,5.339130431093988,0.24435184460568407,Q3,2024-08-25 00:05:01,0.3004764047097815,0.0009461043,0.059429273,0.001067103,0.005065426
0.6917487,0.19015186,0.080160365,0.25,5.349546946045019,0.2694253154750741,Q3,2024-08-25 03:05:02,0.35220441129091445,0.00091337826,0.05600973,0.00088247383,0.004957851
0.8290248,0.16095062,0.15854324,0.25,4.5404406949782015,0.2699086246014447,Q3,2024-08-25 06:05:01,0.07453192172638783,0.0021564106,0.10510035,0.0021330144,0.0059173317
0.71232677,0.12484441,0.056091063,0.25,3.9921584419565264,0.5167842981993787,Q3,2024-08-25 18:05:02,0.8878022679559686,0.0011340161,0.04185143,0.0007774082,0.01073441
0.83574957,0.18999091,0.090899855,0.25,4.661120761362783,0.16540853674282316,Q3,2024-08-26 00:05:02,0.3125619900027896,0.00076363806,0.1174188,0.0007077262,0.0046356493
0.8300412,0.19147316,0.082212,0.25,4.707361747678256,0.15306518249020196,Q3,2024-08-26 03:05:01,0.37125856742839414,0.00074434705,0.11454379,0.000686637,0.0047005094
0.9173707,0.14398631,0.11301751,0.25,3.013529066065191,0.3514139640089036,Q3,2024-08-26 06:05:01,0.5446368068555114,0.0013775988,0.1555199,0.0012588442,0.0045930934
0.9580428,0.10469878,0.038242705,0.25,2.2378774175906813,0.46587443210794083,Q3,2024-08-26 12:05:01,1.8928261395829988,0.001187528,0.17637567,0.0007668211,0.005357937
0.9268999,0.15371872,0.05043978,0.25,3.244674911933412,0.38360466865485965,Q3,2024-08-26 18:05:01,0.6488085880163154,0.0010115034,0.16457784,0.00082309195,0.00737834
0.83183366,0.19215322,0.10122576,0.25,4.7016314728723785,0.15695497141517434,Q3,2024-08-27 00:05:01,0.3310290364054964,0.0008777842,0.1163072,0.0007975221,0.0058645317
0.7255704,0.1933419,0.07801594,0.25,5.292273788365394,0.22317043385236446,Q3,2024-08-27 03:05:01,0.3575001404821055,0.0009934402,0.067942925,0.0008439137,0.006321747
0.87129647,0.15289223,0.2614825,0.25,2.7197693855599114,0.367523036858986,Q3,2024-08-27 06:05:01,1.0847249200395068,0.0012409788,0.13560368,0.0010856922,0.011873947
0.9125722,0.11500372,0.052343175,0.25,3.773407545061839,0.38642455855804925,Q3,2024-08-27 12:05:01,0.7380619336581301,0.0016907649,0.14385642,0.001239078,0.007639644
0.8152696,0.1793556,0.10794467,0.25,4.625402505332915,0.3211682981832083,Q3,2024-08-27 18:05:01,0.06511431559574953,0.002528705,0.10196018,0.001988278,0.011840952
0.8869443,0.18822432,0.07659822,0.25,3.7327048593081273,0.2506307931963571,Q3,2024-08-28 00:05:02,0.3132623113978291,0.00089101755,0.14839141,0.0007537966,0.0074095847
0.88290256,0.1909664,0.06244541,0.25,3.783036180901778,0.2411753104410948,Q3,2024-08-28 03:05:01,0.3629363616744976,0.0008594423,0.14647494,0.00073102384,0.0076171905
0.900575,0.16019942,0.15523207,0.25,2.699268506317283,0.34468852397015637,Q3,2024-08-28 06:05:01,0.6111253189743203,0.001109415,0.1499369,0.000828968,0.008681683
0.88725495,0.10716301,0.049545385,0.25,4.102886143749096,0.3425513381318049,Q3,2024-08-28 12:05:01,0.6791446640923811,0.0010740423,0.12437826,0.0009830697,0.008648952
0.93213093,0.14210555,0.082871675,0.25,3.0263848651012855,0.36756473547898827,Q3,2024-08-28 18:05:01,0.6562145294829586,0.00055620185,0.16527309,0.00042311542,0.0024391676
0.79081595,0.18211675,0.12548314,0.25,5.037607706742477,0.1652920681714915,Q3,2024-08-29 00:05:01,0.27178951024292186,0.00078874704,0.09159941,0.000904042,0.0033038016
0.91640687,0.16074295,0.054423876,0.25,3.2219984577810146,0.32552223376872136,Q3,2024-08-29 03:05:01,0.5261239806684062,0.0011224704,0.1588895,0.00087202963,0.003113103
0.92935723,0.13980092,0.10873574,0.25,2.483516903296513,0.3724616221064457,Q3,2024-08-29 06:05:01,0.8847792888331704,0.00047017421,0.16327183,0.00042260007,0.002691992
0.8676737,0.14260876,0.07100162,0.25,4.353606357328271,0.22804730953731792,Q3,2024-08-29 12:05:01,0.2589476524362035,0.0011060727,0.12046324,0.00095595495,0.0049508195
0.8447039,0.14072825,0.10842942,0.25,4.2435197776864895,0.3341806268563356,Q3,2024-08-29 18:05:02,0.13895411841980235,0.0010262518,0.10631262,0.00093028904,0.0042883214
0.7822842,0.18251461,0.11026576,0.25,5.077975822949358,0.18193970587972616,Q3,2024-08-30 00:05:01,0.24531671274682543,0.00094060384,0.08739006,0.0009420346,0.004024913
0.91183174,0.1622595,0.05290426,0.25,3.3486855608862203,0.3141700224215026,Q3,2024-08-30 03:05:02,0.4724883952680267,0.0013831155,0.15607166,0.0012255857,0.0035522496
0.9289022,0.14651635,0.09206047,0.25,2.9974103644458507,0.3597141371282579,Q3,2024-08-30 06:05:01,0.6078247281960278,0.0008345061,0.1643648,0.0006765383,0.0030301285
0.8177192,0.16411048,0.09323762,0.25,4.6812386840665114,0.16400604847558323,Q3,2024-08-30 12:05:01,0.23100924119937952,0.0076725446,0.09878502,0.007821019,0.014883946
0.96554005,0.117560975,0.03816624,0.25,1.703866172854545,0.4754776106445369,Q3,2024-08-30 18:05:02,2.178750694842274,0.007585075,0.1850753,0.0023513352,0.003520706
0.91266876,0.15291576,0.06658938,0.25,3.3975739023467275,0.30633408512347826,Q3,2024-08-31 00:05:02,0.42430987894174893,0.0033711176,0.15395793,0.003027016,0.0036435055
0.9097608,0.15519166,0.061994314,0.25,3.4526989176892373,0.2955754939498683,Q3,2024-08-31 03:05:01,0.4096599109452998,0.003176974,0.1524022,0.0030402034,0.0036127376
0.9082617,0.13996145,0.13448682,0.25,3.5775151730748593,0.28691680433966216,Q3,2024-08-31 06:05:02,0.32962014943509726,0.003276485,0.1487953,0.0026862312,0.003700855
0.81764877,0.15728375,0.12428105,0.25,4.644382071873566,0.15459647105117372,Q3,2024-08-31 12:05:01,0.23355017068631237,0.003923874,0.09744424,0.0043086726,0.008557341
0.9059281,0.1292394,0.15334257,0.25,3.4582041741053233,0.29901666138243205,Q3,2024-08-31 18:05:01,0.44674783273433344,0.003937534,0.14475968,0.0032544176,0.004023371
0.9112091,0.15823404,0.05150677,0.25,3.40119387122334,0.2990282513695225,Q3,2024-09-01 00:05:02,0.46155096610964613,0.0034161,0.15436141,0.0029592847,0.0043786904
0.91181034,0.15830496,0.058104116,0.25,3.3892841306227877,0.3008444483275258,Q3,2024-09-01 03:05:02,0.4410595344490458,0.003391263,0.15478481,0.0029985826,0.0043840497
0.7780769,0.14669491,0.046822794,0.25,4.780587061671386,0.3478286644821719,Q3,2024-09-01 06:05:01,0.2675785884217689,0.0044572973,0.072797164,0.0031679946,0.005996478
0.8311843,0.15716122,0.10388189,0.25,4.592036646013476,0.16288283207545737,Q3,2024-09-01 12:05:01,0.23029834020534387,0.0014103905,0.10431605,0.0013704173,0.010231966
0.9066278,0.13837071,0.06549532,0.25,3.78381685927085,0.3372512210181625,Q3,2024-09-01 18:05:01,0.40609795011482425,0.0011939082,0.14534649,0.000919171,0.005614268
0.7990755,0.17715426,0.14263293,0.25,4.980572890654253,0.14985901746834462,Q3,2024-09-02 00:05:01,0.2997916651078159,0.0011317125,0.09469301,0.0012121277,0.005242983
0.85514605,0.17396672,0.061771765,0.25,4.449992248679022,0.19018627255600667,Q3,2024-09-02 03:05:02,0.2861601998042283,0.00093051855,0.12249166,0.00094732386,0.0053528664
0.9393121,0.14230035,0.045530338,0.25,2.6261488116869596,0.3821828480045596,Q3,2024-09-02 06:05:01,1.0078599892311018,0.0017384962,0.17044665,0.0015367807,0.00523747
0.89056355,0.1429475,0.08176632,0.25,4.145485588542524,0.2691511602859297,Q3,2024-09-02 12:05:01,0.24213065652806243,0.0022406306,0.13581738,0.0028209528,0.0062612505
0.86963046,0.14827636,0.08210334,0.25,4.347953601448256,0.27841675694606577,Q3,2024-09-02 18:05:01,0.1672949482893171,0.0026470665,0.12334007,0.0021702189,0.0059491666
0.67778176,0.19446781,0.17161562,0.25,5.386204588807425,0.25921829570313804,Q3,2024-09-03 00:05:01,0.42919897248362515,0.0011917219,0.055405848,0.0011893237,0.0066113076
0.75589657,0.18430725,0.12319459,0.25,5.170169916577428,0.181075410386853,Q3,2024-09-03 03:05:01,0.27521450665626346,0.001189029,0.07680394,0.00094520475,0.0056255204
0.9410245,0.14188617,0.048126683,0.25,2.6575925000967917,0.38887944628034204,Q3,2024-09-03 06:05:02,1.0007284878180747,0.0010154357,0.1718352,0.0007554381,0.0058307434
0.91729355,0.082726926,0.045687865,0.25,3.6818739577934476,0.35359228921717706,Q3,2024-09-03 12:05:01,1.2148311605998894,0.00092727755,0.14076807,0.00071884604,0.0038271556
0.93630004,0.15228258,0.069483,0.25,2.364220745225538,0.4120018937274263,Q3,2024-09-03 18:05:01,1.077557096485933,0.00092814973,0.17132857,0.0009477942,0.010309258
0.79624295,0.19847524,0.08210839,0.25,5.003505352484278,0.1373499248337337,Q3,2024-09-04 00:05:01,0.4859763578346723,0.0010757833,0.09971814,0.0009845864,0.009536482
0.8005744,0.19873528,0.11224417,0.25,4.986606897385917,0.13569251840084498,Q3,2024-09-04 03:05:02,0.44615600763139973,0.0011160866,0.10269188,0.0010956366,0.00984025
0.9066003,0.17610453,0.08449854,0.25,3.481988102184663,0.30151158469308437,Q3,2024-09-04 06:05:01,0.33207339140113384,0.0009505891,0.15739271,0.0008693524,0.009724625
0.8207148,0.16189751,0.06619638,0.25,4.735419966854091,0.147212223065156,Q3,2024-09-04 12:05:01,0.35421199649526186,0.001505619,0.09896901,0.0012968336,0.013203914
0.93901646,0.15371451,0.062211223,0.25,2.3531651909227422,0.4155217154073058,Q3,2024-09-04 18:05:01,1.1208757450440612,0.0026830079,0.1737893,0.002668345,0.009474845
0.8007987,0.20229727,0.08078913,0.25,4.979835620886394,0.1368429805355361,Q3,2024-09-05 00:05:01,0.5173449326556893,0.0012348722,0.103344776,0.0011190894,0.010892237
0.8045823,0.20313773,0.061791174,0.25,4.93529792726739,0.13846428842729824,Q3,2024-09-05 03:05:01,0.5689997287952306,0.0013021049,0.10535995,0.0011251624,0.0110696545
0.9244438,0.17738421,0.048460763,0.25,2.5663125029165013,0.3740417818833409,Q3,2024-09-05 06:05:01,0.9260373083044051,0.0011256681,0.17061679,0.001009143,0.010291456
0.9105005,0.087160416,0.044457093,0.25,3.8043764702826945,0.3374931302795968,Q3,2024-09-05 12:05:02,1.0848721836594868,0.0045694844,0.13650016,0.004869405,0.005923891
0.78222203,0.13517578,0.038805455,0.25,4.3096817230079765,0.4535877438380567,Q3,2024-09-05 18:05:02,0.57167329531688,0.0007087204,0.0716003,0.0006540102,0.007004684
0.80813164,0.18555677,0.10468437,0.25,4.917446273699305,0.17042623155834227,Q3,2024-09-06 00:05:02,0.26780290981468363,0.0006986561,0.10108148,0.0007163081,0.0034589665
0.8084995,0.18448813,0.06691495,0.25,4.902636712569636,0.17876510053619374,Q3,2024-09-06 03:05:01,0.3217895851978066,0.0006583524,0.10012008,0.00061721547,0.0032787302
0.8271232,0.16167882,0.20736462,0.25,4.573468071601527,0.16747064666866188,Q3,2024-09-06 06:05:01,0.38957085652986007,0.0011983725,0.10624713,0.0009166054,0.005525514
0.7748658,0.16286607,0.07492492,0.25,4.913121324837684,0.2728574929267071,Q3,2024-09-06 12:05:01,0.12352733046370533,0.0035437027,0.07649512,0.0028109308,0.0100580165
0.8473007,0.152045,0.13137475,0.25,4.4115409154500345,0.2611146633210696,Q3,2024-09-06 18:05:02,0.08132190120813926,0.0012625986,0.111569464,0.0014941517,0.004781819
0.8070657,0.18629089,0.072304316,0.25,4.914775578515474,0.16329514476675958,Q3,2024-09-07 00:05:01,0.3529008087166166,0.0006764726,0.100112565,0.000772925,0.00445806
0.80384517,0.18815571,0.10626702,0.25,4.949704222123445,0.1561145318270659,Q3,2024-09-07 03:05:01,0.31951938247481,0.0007574794,0.09992096,0.0009035202,0.004834816
0.93182534,0.15319416,0.07272163,0.25,2.875426190721802,0.37152282392632147,Q3,2024-09-07 06:05:01,0.7075559115671558,0.00080522796,0.16810767,0.00078955194,0.0035344209
0.8540477,0.13068709,0.057867084,0.25,4.443175747435773,0.22264612628623565,Q3,2024-09-07 12:05:01,0.3649717683383424,0.0014264312,0.108707815,0.0011153849,0.0060848915
0.69689584,0.14933786,0.23302157,0.25,4.751017519714088,0.3611949501190443,Q3,2024-09-07 18:05:01,0.5007921790876176,0.002621367,0.047325965,0.0027437734,0.007342309
0.7990983,0.18754366,0.06327645,0.25,4.975208670358361,0.16776381922645284,Q3,2024-09-08 00:05:01,0.38253865074985455,0.0007907325,0.096499346,0.0007253545,0.00501683
0.79962784,0.18800424,0.069859795,0.24989149305555555,4.97211368199875,0.16338368394880606,Q3,2024-09-08 03:05:01,0.5573346252083647,0.0007887649,0.09697804,0.0007183738,0.0050084274
0.93924075,0.15744801,0.042836465,0.25,2.3569970841548056,0.40391409681731566,Q3,2024-09-08 06:05:01,1.161232122489757,0.0006559283,0.17492054,0.0005131454,0.0040703956
0.8296027,0.16112995,0.07601479,0.25,4.598320621072798,0.29013657513175384,Q3,2024-09-08 12:05:01,0.10481320842213986,0.0010634455,0.10344117,0.00094811455,0.0052953106
0.9426877,0.13624668,0.06788078,0.25,2.4844418468282967,0.4071127202093616,Q3,2024-09-08 18:05:01,1.0960726708954704,0.00074623415,0.17153512,0.00070168485,0.003296517
0.779242,0.18180472,0.080965154,0.25,5.086589863886472,0.19157336746383208,Q3,2024-09-09 00:05:01,0.2703274425895294,0.000889572,0.08504969,0.0012370853,0.0032366156
0.7775046,0.18145049,0.07068902,0.25,5.083341344634386,0.2155523039789252,Q3,2024-09-09 03:05:01,0.25248456068975783,0.0011175274,0.08401466,0.001128616,0.0037767375
0.84662396,0.14017303,0.25237894,0.25,4.045112752639861,0.17028611881170974,Q3,2024-09-09 06:05:01,0.7457954657368177,0.0010280776,0.11458325,0.0010842689,0.007993551
0.6677784,0.2120044,0.1421111,0.25,5.444208284003736,0.2242744937828455,Q3,2024-09-09 12:05:01,0.5961572141797938,0.0012049217,0.059812434,0.0013126349,0.006253263
0.90851665,0.13918832,0.046588853,0.25,3.7770723016443206,0.3593101250370095,Q3,2024-09-09 18:05:02,0.5039813357145999,0.00284464,0.14681847,0.0030238943,0.0049828766
0.74922967,0.18766575,0.11527484,0.25,5.201427848612505,0.19628673492761792,Q3,2024-09-10 00:05:01,0.2713994168374137,0.00092517736,0.07509742,0.0011573662,0.0032324162
0.77465695,0.18506776,0.10879719,0.25,5.095192209916393,0.1718226962962508,Q3,2024-09-10 03:05:02,0.2846077936143344,0.00083640486,0.08474221,0.0008810361,0.0031026097
0.89558995,0.150065,0.14930464,0.25,3.9903502033396006,0.24833065442203447,Q3,2024-09-10 06:05:01,0.21908647949403884,0.00086679956,0.14389803,0.0008797512,0.0046545365
0.8051045,0.1778464,0.10323396,0.25,4.824889241250537,0.11983028938062028,Q3,2024-09-10 12:05:01,0.3784227742357273,0.0012068256,0.09689603,0.0012740497,0.0053957677
0.9300619,0.14183873,0.09619667,0.25,3.003283820976082,0.35292153131167453,Q3,2024-09-10 18:05:01,0.6148646043303999,0.00072149443,0.16410838,0.00067855226,0.0029489507
0.7439816,0.18869014,0.07357231,0.25,5.222185843884116,0.2037245017325452,Q3,2024-09-11 00:05:02,0.34026489139912125,0.0010187076,0.07275976,0.0010309056,0.0035703857
0.6535205,0.20112136,0.13689707,0.25,5.457021325157173,0.29374773575441615,Q3,2024-09-11 03:05:01,0.48208974634106144,0.0012005961,0.051710553,0.0011728875,0.004101149
0.93004704,0.14710146,0.08433575,0.25,3.004995083290979,0.35380501281506904,Q3,2024-09-11 06:05:02,0.6135508381302871,0.00073832425,0.16540754,0.0006099316,0.0030886398
0.89118034,0.110713616,0.048952557,0.25,4.008025068397889,0.2655099741143352,Q3,2024-09-11 12:05:01,0.6370728596790398,0.0009227358,0.12764393,0.0007770353,0.0034383575
0.93301284,0.15262902,0.046214774,0.25,2.805366699762953,0.36790296606218964,Q3,2024-09-11 18:05:02,0.8342326767310254,0.0007274623,0.16872759,0.0007318849,0.0034139862
0.7375934,0.18874925,0.13459876,0.25,5.2616828896408245,0.2021997488824033,Q3,2024-09-12 00:05:01,0.2901149794712421,0.0009144894,0.071523935,0.0012132012,0.0039770175
0.7350201,0.1884761,0.07807689,0.25,5.25332444374396,0.21427416652756684,Q3,2024-09-12 03:05:01,0.3239936432894848,0.00089290406,0.06937257,0.0011036874,0.0037803964
0.92572665,0.15446699,0.06393389,0.25,3.119186318619457,0.34374650952375524,Q3,2024-09-12 06:05:01,0.5793836728708388,0.00070318213,0.16403852,0.0007507309,0.0034262212
0.9019913,0.16385132,0.03091263,0.25,3.8066008777892706,0.30977313634610987,Q3,2024-09-12 12:05:01,0.441130104779826,0.0029807559,0.14946851,0.0026590878,0.0048499373
0.763413,0.19168028,0.12162977,0.25,5.152261395338025,0.207467601675066,Q3,2024-09-13 00:05:01,0.2518149138941714,0.0016593119,0.082585014,0.0015468086,0.004298773
0.76006913,0.1922481,0.1214744,0.25,5.182783003589506,0.21654938601138027,Q3,2024-09-13 03:05:01,0.24864716185581992,0.0016592649,0.08134114,0.0016446081,0.0047292793
0.94139796,0.15478648,0.046606705,0.25,2.2538332448028084,0.4165532881211972,Q3,2024-09-13 06:05:01,1.2494839379181493,0.0011077401,0.17566551,0.0008534941,0.0040810774
0.6504104,0.20979461,0.09877338,0.25,5.438598216419235,0.26643187194970014,Q3,2024-09-13 12:05:01,0.5806527105741623,0.0016847457,0.054413382,0.0018028108,0.007150432
0.8903126,0.13847598,0.22981855,0.25,1.9336591595393096,0.4289790875868123,Q3,2024-09-13 18:05:01,1.5736448865764985,0.0027395214,0.14135149,0.0024443197,0.0087034395
0.7287688,0.19345388,0.11219357,0.25,5.289880675360877,0.24219792436919219,Q3,2024-09-14 00:05:01,0.275503979582521,0.0016866798,0.06952146,0.0018594628,0.0057807616
0.7496316,0.19711278,0.06686686,0.25,5.233292959823058,0.1975819497046574,Q3,2024-09-14 03:05:02,0.42223826717521806,0.001656041,0.07812682,0.001681824,0.0056480486
0.9335166,0.15790375,0.06815387,0.25,2.7467667288376245,0.37905146023675307,Q3,2024-09-14 06:05:02,0.7876722812505234,0.0013916573,0.17093289,0.0012296988,0.004853096
0.88287395,0.11876597,0.052446987,0.25,4.125932231960547,0.24227908119339417,Q3,2024-09-14 12:05:01,0.5243711811756077,0.0023269386,0.12396594,0.0023327144,0.0057942215
0.9409026,0.1459681,0.07279894,0.24989149305555555,2.490851112690373,0.4082777623837812,Q3,2024-09-14 18:05:02,1.2058370012451733,0.001558267,0.17312838,0.0013539016,0.007047958
0.78074425,0.1910057,0.091299176,0.25,5.112908980438339,0.19194617459135338,Q3,2024-09-15 00:05:01,0.2959139234970202,0.0012583977,0.089458995,0.0013556206,0.005637918
0.7725276,0.19218351,0.12211701,0.25,5.15444086946106,0.19524736420379493,Q3,2024-09-15 03:05:01,0.27599838425137707,0.0012863256,0.08688554,0.0014610408,0.00585322
0.92954415,0.16230999,0.06524449,0.25,2.8336874178520546,0.36780963628134145,Q3,2024-09-15 06:05:01,0.7214933217529692,0.0010183462,0.16933037,0.0010189393,0.0053148093
0.8345063,0.16807394,0.07732895,0.25,4.686199384032502,0.15858794315910857,Q3,2024-09-15 12:05:02,0.2963643851980222,0.0030383528,0.10865,0.0023484463,0.0073234136
0.9379904,0.15690167,0.054113645,0.25,2.4643102663703136,0.3951377492223146,Q3,2024-09-15 18:05:02,1.029755655261556,0.0012222123,0.17403334,0.001027178,0.0059310207
0.7716091,0.19196954,0.06625434,0.25,5.157493618265573,0.20258147664944576,Q3,2024-09-16 00:05:01,0.3550435325216526,0.0014666857,0.085408784,0.0015099422,0.0061416933
0.77407986,0.19314891,0.0750361,0.25,5.14779475903208,0.1913348898239345,Q3,2024-09-16 03:05:02,0.35521928921318713,0.0014697867,0.08702206,0.0014971561,0.0061207185
0.92168057,0.17142494,0.055828698,0.25,2.9790212793594613,0.3522636418479996,Q3,2024-09-16 06:05:01,0.6520808996254316,0.0011763838,0.16640905,0.0010946118,0.0064268853
0.80470777,0.18402293,0.10542911,0.25,4.808448366184931,0.11211300913305701,Q3,2024-09-16 12:05:01,0.42248610965505967,0.001776109,0.099070296,0.0019266392,0.008929519
0.9384274,0.16293226,0.04630004,0.25,2.29304576487076,0.4080904717490121,Q3,2024-09-16 18:05:02,1.185209136722306,0.001000138,0.17620137,0.0006784134,0.006077187
0.79460204,0.1964872,0.13362463,0.25,5.030560715338105,0.13763108500636018,Q3,2024-09-17 00:05:02,0.42903803234461096,0.0015210173,0.09943267,0.0017649061,0.0064549535
0.7926807,0.1955135,0.064408734,0.25,5.01806754920378,0.15733955317722223,Q3,2024-09-17 03:05:01,0.4582467978716532,0.0009644126,0.0965853,0.0011403981,0.0058388915
0.88297987,0.1847169,0.06992177,0.25,3.966893551263022,0.24408525558642186,Q3,2024-09-17 06:05:01,0.27882047238289953,0.001027172,0.14420973,0.0010136197,0.0061319363
0.8197175,0.17575173,0.07308322,0.25,4.853271626640722,0.183720506616551,Q3,2024-09-17 12:05:02,0.2634652390615317,0.0041189548,0.10312045,0.0041777515,0.009818249
0.88055295,0.15847865,0.21499887,0.25,2.885356155284323,0.3370002540758301,Q3,2024-09-17 18:05:01,0.6804523180193679,0.0019142313,0.13931051,0.001556638,0.009221531
0.79003644,0.19724844,0.11536357,0.25,5.059593856048053,0.14495214500489847,Q3,2024-09-18 00:05:01,0.41608212627497254,0.00096668815,0.0970768,0.0011114174,0.0054644765
0.79035985,0.19656299,0.06624521,0.25,5.033713653075084,0.15186630716831395,Q3,2024-09-18 03:05:02,0.4772531040837776,0.0009252451,0.09592268,0.0010166018,0.0051760296
0.90769833,0.17119229,0.101096086,0.25,3.501030475623682,0.30229036693551947,Q3,2024-09-18 06:05:01,0.29204314714447094,0.0009886692,0.15756308,0.00085276715,0.0053485003
0.86562276,0.16106847,0.06682613,0.25,4.299721162183484,0.18509167966790693,Q3,2024-09-18 12:05:01,0.28966635179842465,0.0013166261,0.12496394,0.001322706,0.00802072
0.9128915,0.15127379,0.13545209,0.25,2.172362682969273,0.40718208398665096,Q3,2024-09-18 18:05:01,1.0422757275587933,0.0014323392,0.15532131,0.0008971458,0.0072061364
0.784291,0.19996683,0.12321864,0.25,5.10700074309586,0.1529964193571623,Q3,2024-09-19 00:05:01,0.4195384477168364,0.0012123629,0.09565122,0.0012101731,0.006983565
0.7817528,0.19847405,0.07439606,0.25,5.099144464727102,0.15824858723191293,Q3,2024-09-19 03:05:01,0.4609356845689084,0.0010033452,0.09272565,0.0010844962,0.006451177
0.8654924,0.18791962,0.0759747,0.25,4.331865407999697,0.21335728516747363,Q3,2024-09-19 06:05:01,0.26195896601773655,0.001148299,0.13428237,0.0010491213,0.0065992256
0.84608,0.17808019,0.07294911,0.25,4.623102974711529,0.1991579657193585,Q3,2024-09-19 12:05:02,0.2390981861690146,0.0027014927,0.11874977,0.0025150897,0.009451605
0.88106394,0.16579522,0.18030035,0.25,3.359456235558633,0.28109257974106144,Q3,2024-09-19 18:05:01,0.3419543879690312,0.0014351896,0.13971841,0.0011004942,0.009040432
0.7914146,0.19949041,0.0744149,0.25,5.034441749450547,0.14528366780743215,Q3,2024-09-20 00:05:01,0.4934065314662927,0.0011728646,0.09770004,0.0012006414,0.006722519
0.7795879,0.19720472,0.17024118,0.25,5.129132587775501,0.13922976638710308,Q3,2024-09-20 03:05:01,0.5047620170893052,0.0020745217,0.09365947,0.0020490608,0.0077183456
0.9204185,0.1737454,0.06514216,0.25,2.92523838114365,0.3480493044254307,Q3,2024-09-20 06:05:01,0.6366393139097654,0.00097511674,0.1666498,0.0008312311,0.006715432
0.8585111,0.15515476,0.12958935,0.25,4.511316732819287,0.18460854539999869,Q3,2024-09-20 12:05:01,0.2008980672964724,0.004313486,0.12056977,0.003910866,0.010413913
0.8250743,0.16178527,0.3087881,0.25,3.904804067808237,0.2320161600291672,Q3,2024-09-20 18:05:02,1.047964842385856,0.0042824573,0.11468635,0.003984607,0.018474635
0.7478005,0.1933429,0.1000113,0.25,5.247702210350562,0.1919658464246258,Q3,2024-09-21 00:05:02,0.3382294243845588,0.001327636,0.076453984,0.001253018,0.010813564
0.7554168,0.19433206,0.11199358,0.25,5.229865851032046,0.17997747218093896,Q3,2024-09-21 03:05:02,0.3496549363503649,0.0013312004,0.08016124,0.0012471857,0.011047534
0.89449733,0.15403639,0.17894688,0.25,2.4982069682132773,0.37483741345802934,Q3,2024-09-21 06:05:02,0.8111037308011619,0.0016137717,0.14521112,0.001282058,0.010952403
0.79262185,0.1923029,0.07987001,0.25,4.831954684830072,0.12336820643687527,Q3,2024-09-21 12:05:02,0.46743968550096504,0.0058159954,0.09557294,0.0055063358,0.015116344
0.906097,0.1723764,0.09693061,0.25,3.5632014105523044,0.2955681926519335,Q3,2024-09-21 18:05:01,0.27960844283749203,0.0066025113,0.15700872,0.006711292,0.016168274
0.7404702,0.19533466,0.12685269,0.25,5.29428688115626,0.19511708661133345,Q3,2024-09-22 00:05:02,0.34607306810305083,0.00429986,0.075112954,0.0029501286,0.011713381
0.64912784,0.20995682,0.14670941,0.25,5.518453274904282,0.29040697147027394,Q3,2024-09-22 03:05:01,0.60118940496397,0.0020086246,0.05497391,0.0018212254,0.012820869
0.9236146,0.16436641,0.0757373,0.25,2.799114724417443,0.3580527097353798,Q3,2024-09-22 06:05:02,0.6741262488392042,0.005476137,0.1657111,0.0057825255,0.013880656
0.7883382,0.19431819,0.07706497,0.25,4.835702001877464,0.12160297558769861,Q3,2024-09-22 12:05:01,0.49269635804046413,0.001861362,0.09430085,0.0019171716,0.014864628
0.93389046,0.14894564,0.054578178,0.25,2.7896272040365573,0.3688868696456995,Q3,2024-09-22 18:05:02,0.8229319913182902,0.0006491385,0.16827062,0.00048030107,0.0046269083
0.6040145,0.19833477,0.18659508,0.25,5.453236596986739,0.3450099269441915,Q3,2024-09-23 00:05:01,0.735937915708932,0.000982325,0.04344776,0.0010770952,0.004109243
0.7658436,0.18433589,0.078284875,0.25,5.050758598267423,0.18180523876456595,Q3,2024-09-23 03:05:01,0.30217437432443023,0.00079789234,0.07998296,0.00100938,0.0027585018
0.7948393,0.17416126,0.1286513,0.24989149305555555,4.8923878608583315,0.2003988964396277,Q3,2024-09-23 06:05:02,0.32886527055048814,0.0011830551,0.0909339,0.0010416331,0.0038504521
0.8596875,0.15187305,0.07357445,0.25,4.272677334974827,0.19599060092002107,Q3,2024-09-23 12:05:01,0.25553825632549393,0.0011302858,0.118457824,0.00090829073,0.0053909826
0.87535065,0.12953287,0.29483828,0.25,1.9830758471337926,0.468730805802687,Q3,2024-09-23 18:05:02,2.1987847335561215,0.0016872489,0.13529445,0.0009708389,0.009495195
0.77882653,0.18940842,0.07130146,0.25,5.121761055727607,0.19876691044418873,Q3,2024-09-24 00:05:01,0.32350026385880887,0.001089511,0.087537155,0.0009874089,0.0055953795
0.78551865,0.19151835,0.06946927,0.25,5.090700074053853,0.18557465062139342,Q3,2024-09-24 03:05:01,0.36117647454266294,0.0011608211,0.09138535,0.00094180595,0.0058311108
0.8296053,0.14593895,0.3304981,0.25,3.9110903449788488,0.2197133210574522,Q3,2024-09-24 06:05:01,1.3454288734467645,0.0015791799,0.1140879,0.00096124015,0.011850905
0.76568484,0.16993731,0.05376835,0.25,4.629416144828718,0.2778289623251151,Q3,2024-09-24 12:05:02,0.160834505774018,0.0009633694,0.07466845,0.0007901495,0.007060317
0.90087783,0.1352921,0.20930433,0.25,2.1111754631712065,0.4494157013400186,Q3,2024-09-24 18:05:02,1.4459248006992416,0.0013728978,0.1462612,0.0008701188,0.0062639066
0.74844486,0.19091831,0.07486597,0.25,5.209907326823476,0.19606955404156728,Q3,2024-09-25 00:05:02,0.3571348950278426,0.0018981651,0.07530449,0.0024253705,0.005294778
0.7519638,0.19096999,0.08030442,0.25,5.197001859584693,0.18903845943747388,Q3,2024-09-25 03:05:01,0.3524360627464989,0.0018776922,0.07680232,0.0024593964,0.005156193
0.9046007,0.1705878,0.06682082,0.25,3.6242627029545944,0.28947450908233036,Q3,2024-09-25 06:05:02,0.33093019477652824,0.0027051924,0.15401562,0.0025092473,0.0077325213
0.6791817,0.22334363,0.13472672,0.25,5.221440718475069,0.221570560738147,Q3,2024-09-25 12:05:01,0.636553301927981,0.0013754687,0.067532,0.0015707538,0.0132449735
0.82167584,0.18177913,0.075066976,0.25,4.849406232896304,0.20498594277859244,Q3,2024-09-25 18:05:02,0.23393912489750077,0.0011354863,0.10617162,0.0009838874,0.0077228136
0.73913443,0.19371167,0.117987715,0.25,5.274043846796924,0.1988139799547003,Q3,2024-09-26 00:05:02,0.32476138405560356,0.0010403129,0.07351537,0.0010091444,0.006553622
0.744213,0.19318895,0.10730014,0.25,5.2424472095833545,0.1928186458891563,Q3,2024-09-26 03:05:01,0.32812656398314577,0.0010160148,0.075199686,0.001010351,0.0065490045
0.90325713,0.17212148,0.08619133,0.25,3.643714596685196,0.2878296102170039,Q3,2024-09-26 06:05:02,0.2741285438410674,0.010720068,0.15421551,0.011070567,0.011827358
0.95690644,0.12811804,0.04105455,0.25,1.914547956616942,0.45512025678276063,Q3,2024-09-26 12:05:01,1.8058205786993013,0.0017687218,0.18061648,0.0013558955,0.007637586
0.8251989,0.17947266,0.083298355,0.25,4.853317068307596,0.1710884603702386,Q3,2024-09-26 18:05:02,0.28153804603224414,0.0027777448,0.1076615,0.0031199197,0.009418044
0.78880453,0.19035065,0.1301864,0.25,5.083642159874753,0.12922065039883707,Q3,2024-09-27 00:05:02,0.4267131273090765,0.0021809598,0.09381875,0.0023633048,0.00890192
0.7978092,0.19136232,0.12064633,0.25,5.025969236067082,0.12461466570657448,Q3,2024-09-27 03:05:01,0.437762381605091,0.0011945666,0.09834982,0.001321915,0.0088928575
0.80807793,0.18069056,0.08146903,0.25,4.969321085614239,0.17420283710362874,Q3,2024-09-27 06:05:01,0.2888334961805458,0.0011296014,0.09871678,0.0011750362,0.008648582
0.8821873,0.1267396,0.25577414,0.25,2.5495167338265783,0.3968402065017794,Q3,2024-09-27 18:05:01,1.349006337243542,0.0021332896,0.13566492,0.0014304616,0.009657898
0.7233155,0.18513839,0.12997252,0.25,5.292871360922137,0.2225186564197413,Q3,2024-09-28 00:05:02,0.2595332504300083,0.0010624507,0.06492227,0.0010413688,0.007840133
0.7246972,0.18549177,0.12578847,0.25,5.289750617220503,0.2198593261156797,Q3,2024-09-28 03:05:01,0.2617478519980865,0.0010612657,0.06547031,0.0010326136,0.007936054
0.8487128,0.13223153,0.3373413,0.25,2.7411287318006665,0.3848846614189715,Q3,2024-09-28 06:05:02,1.915460080944632,0.001873902,0.1243624,0.001151145,0.015076537
0.8438202,0.1851629,0.14570765,0.25,4.482870157926106,0.24114990256811158,Q3,2024-09-28 12:05:01,0.13092140633348842,0.0016628819,0.12344114,0.0014483782,0.018102499
0.74294734,0.18397002,0.16897632,0.25,5.179186083828549,0.23796449899210653,Q3,2024-09-28 18:05:01,0.2430383145549461,0.0016052631,0.07900416,0.0016868189,0.0138295805
0.70205426,0.19795468,0.15271573,0.25,5.375616043795739,0.2269920112255989,Q3,2024-09-29 00:05:02,0.40019240944134243,0.0016863552,0.070330754,0.0016464378,0.015096365
0.71859926,0.20156756,0.16573769,0.25,5.351080526562808,0.19448840575859536,Q3,2024-09-29 03:05:01,0.4780795171860081,0.0017078024,0.07752053,0.0016632235,0.015489149
0.9124989,0.17153612,0.10581969,0.25,3.093952039342053,0.3466683836618754,Q3,2024-09-29 06:05:01,0.45540103486063127,0.0041498,0.16566744,0.003864466,0.016887449
0.77861947,0.19610178,0.106371194,0.25,4.902788715588647,0.12078638565826823,Q3,2024-09-29 12:05:01,0.46355193755371116,0.003265032,0.09248155,0.0033391,0.017693212
0.8911502,0.14818622,0.17765078,0.25,2.857779292759791,0.354620658178819,Q3,2024-09-29 18:05:02,0.6097560873662408,0.0014953113,0.14197353,0.0014312104,0.0073208236
0.6885993,0.20735297,0.18560567,0.25,5.477347169178675,0.23528202092604594,Q3,2024-09-30 00:05:02,0.6035513964155609,0.0015195305,0.06860923,0.0013940556,0.009388058
0.6906934,0.20967431,0.18094607,0.25,5.477351459283232,0.22713297654076137,Q3,2024-09-30 03:05:01,0.6167446725100606,0.0015558151,0.07040935,0.0013784249,0.009730526
0.8905645,0.1818949,0.10580923,0.25,3.7582324041526705,0.28884535964591707,Q3,2024-09-30 06:05:01,0.2171049295845352,0.0016265282,0.15318806,0.0013171802,0.009651858
0.7687682,0.19883913,0.11114274,0.25,4.958039145694368,0.12628885448729651,Q3,2024-09-30 12:05:01,0.4702170204278399,0.0017670108,0.08896126,0.001781579,0.016962038
0.87922484,0.16715631,0.13726833,0.25,3.7619427514847317,0.2512866128642119,Q3,2024-09-30 18:05:01,0.1766472444493941,0.0014227167,0.13818242,0.0013273441,0.006941974
0.68882644,0.20621726,0.19276014,0.25,5.47311492860975,0.2359147165119631,Q4,2024-10-01 00:05:01,0.6167124796426839,0.0023294329,0.068583444,0.00202861,0.009486526
0.5550001,0.2189281,0.22471339,0.25,5.631747481916838,0.37499261850149695,Q4,2024-10-01 03:05:01,1.3980394751101954,0.006215429,0.053908776,0.0052939025,0.012303978
0.6508205,0.17241019,0.3508476,0.24989149305555555,4.9251928218689365,0.3246178257443731,Q4,2024-10-01 06:05:02,1.8477113739176703,0.007943673,0.05075462,0.007443045,0.018771352
0.77909636,0.17696054,0.13777256,0.25,4.917333215843091,0.21112888510053557,Q4,2024-10-01 12:05:01,0.13973259292776316,0.0078095947,0.085654154,0.005294961,0.010907529
0.8940468,0.12270367,0.22305383,0.25,2.643657708673997,0.3829005170404701,Q4,2024-10-01 18:05:02,1.122398815130922,0.00446977,0.13925916,0.0028365864,0.0066792457
0.6008855,0.19225663,0.1470198,0.25,5.446949437593027,0.3599663734498678,Q4,2024-10-02 00:05:01,0.6283583365644457,0.0038716735,0.04011715,0.0033410888,0.0041782656
0.8244095,0.1750725,0.06187584,0.25,4.721967200525372,0.16508703119813567,Q4,2024-10-02 03:05:01,0.3295604012102041,0.0046034656,0.10506298,0.0035082174,0.0040937904
0.79864687,0.1350173,0.2966661,0.25,4.358260683822392,0.1682552701440441,Q4,2024-10-02 06:05:01,1.1002053972087928,0.005019989,0.08913578,0.0042668353,0.009535438
0.66300225,0.21583992,0.10191794,0.25,5.2677152957492,0.25932865720161563,Q4,2024-10-02 12:05:02,0.5635156096196403,0.013212819,0.05960312,0.011580925,0.02698125
0.6615403,0.1855705,0.13568088,0.25,5.3824788433105875,0.3143165852732436,Q4,2024-10-02 18:05:01,0.34806808458700217,0.009059654,0.047382478,0.008976224,0.0066951294
0.82424855,0.1791532,0.124107175,0.25,4.820859793866118,0.14605821250335274,Q4,2024-10-03 00:05:02,0.29702844197095524,0.009804724,0.10763946,0.009776969,0.006824801
0.58578956,0.19302021,0.15432492,0.25,5.506428497584359,0.3929774053804547,Q4,2024-10-03 03:05:01,0.7738925551628233,0.010037648,0.039044235,0.011215991,0.007296455
0.856134,0.10423395,0.3418232,0.25,2.705635845929261,0.37551024475241607,Q4,2024-10-03 06:05:02,2.269953561058647,0.0080199605,0.123255484,0.005238605,0.015075125
0.94694096,0.118895404,0.04358665,0.25,2.500916215940003,0.39478359560587445,Q4,2024-10-03 12:05:01,1.3102042925733768,0.005880514,0.17033187,0.0053925877,0.007916304
0.78222287,0.18975286,0.083509356,0.25,5.167325695837026,0.18795005277452156,Q4,2024-10-03 18:05:02,0.3260991251304542,0.009013768,0.08934412,0.0073743616,0.00845774
0.78444016,0.19412313,0.08057981,0.25,5.141042989567781,0.18740052181661862,Q4,2024-10-04 00:05:02,0.3536195319415321,0.011318301,0.09209625,0.008931049,0.010642498
0.7424726,0.20094816,0.12804872,0.25,5.334729244812236,0.20363429664560131,Q4,2024-10-04 03:05:02,0.3804529661716906,0.013717765,0.07785613,0.010663615,0.012582342
0.8065402,0.12879577,0.4252133,0.25,3.9718378087079436,0.24986274913192769,Q4,2024-10-04 06:05:01,2.7338716817378454,0.019762285,0.11116754,0.024836693,0.028894234
0.83512664,0.14904277,0.07634652,0.25,4.6465031525170115,0.22602991856871318,Q4,2024-10-04 12:05:01,0.18614113805654073,0.029362539,0.10291806,0.026546884,0.017346112
0.8769606,0.1312901,0.15164354,0.25,3.840443670366433,0.24955003886232402,Q4,2024-10-04 18:05:02,0.30424447112955666,0.02722268,0.12528801,0.023867931,0.011481323
0.64024913,0.19835426,0.18545242,0.25,5.509460894196348,0.3174121962978375,Q4,2024-10-05 00:05:01,0.6193362513419929,0.017489932,0.048865825,0.015141976,0.011642361
0.6981686,0.20172882,0.1544897,0.25,5.452044339757637,0.24720781569049236,Q4,2024-10-05 03:05:01,0.43855599174318,0.019105388,0.06344856,0.014449132,0.01199094
0.77053,0.14739828,0.34605762,0.25,4.620825271851011,0.15740641153450546,Q4,2024-10-05 06:05:01,1.6154707681471037,0.03012328,0.08415821,0.03613049,0.023063444
0.91838527,0.12764576,0.080980964,0.25,3.6369387213266426,0.3111606717235808,Q4,2024-10-05 12:05:01,0.47992807345943406,0.019020583,0.15135486,0.01810107,0.012979279
0.5485861,0.114777,0.21287236,0.24989149305555555,4.6558891150903,0.5450824701323078,Q4,2024-10-05 18:05:02,1.863475507478615,0.022044374,0.0151226185,0.023525648,0.018127427
0.81162333,0.18916121,0.11998844,0.25,4.942301578299327,0.1351448265132237,Q4,2024-10-06 00:05:01,0.38212112124368497,0.019272117,0.10459172,0.015045331,0.011334165
0.7259072,0.19614232,0.12816978,0.25,5.395749909654252,0.19840349170888769,Q4,2024-10-06 03:05:02,0.3879513160736862,0.022620646,0.06987162,0.01615249,0.011884965
0.8840391,0.12760085,0.23037392,0.25,3.146296366847131,0.3162037416761206,Q4,2024-10-06 06:05:02,0.8054219332224107,0.020298088,0.13485071,0.015464319,0.012932668
0.8014263,0.15844013,0.1634576,0.25,4.699106739939415,0.16282459840469163,Q4,2024-10-06 12:05:01,0.24804751369552305,0.03360298,0.0900478,0.025880065,0.019734846
0.3245057,0.06621428,0.43021023,0.25,3.6691207738198663,0.7194651202798173,Q4,2024-10-06 18:05:01,7.62278955284082,0.0072519514,0.059908364,0.007479007,0.020015677
0.59431565,0.20485677,0.17365809,0.25,5.529673869288159,0.363293568786249,Q4,2024-10-07 00:05:01,0.8295246094236983,0.014082973,0.04502644,0.008506574,0.009356814
0.7373413,0.18771869,0.1257029,0.25,5.2353240778972365,0.21742991641540502,Q4,2024-10-07 03:05:01,0.24939597962162033,0.016697008,0.07091918,0.010311192,0.009185638
0.6861213,0.19316493,0.1910047,0.25,5.348330087002467,0.2629318252153442,Q4,2024-10-07 06:05:02,0.45362183080444424,0.019429907,0.057857744,0.011723302,0.011126815
0.921598,0.15782829,0.03460597,0.25,3.109671010082941,0.3298539877443719,Q4,2024-10-07 12:05:01,0.6749053460826411,0.013768417,0.16174471,0.014607205,0.0123608215
0.5919354,0.20287931,0.17366344,0.25,5.526027534087904,0.3685180081637107,Q4,2024-10-07 18:05:02,0.827888714327934,0.014010878,0.044069167,0.008789075,0.009814965
0.82886666,0.18022767,0.07193491,0.25,4.7680948172776505,0.17217123644926055,Q4,2024-10-08 00:05:01,0.30272611457560666,0.0147103425,0.10957651,0.012783911,0.01009718
0.73176885,0.18938792,0.12594497,0.25,5.255120249357168,0.2280569338179142,Q4,2024-10-08 03:05:02,0.2527483891167515,0.017416434,0.069404624,0.011429071,0.010005694
0.77757853,0.16232854,0.2785154,0.25,4.606402042957945,0.1871391265690565,Q4,2024-10-08 06:05:02,0.7956598270325808,0.019361444,0.08549147,0.017173517,0.017539266
0.95151603,0.1274184,0.049357556,0.25,2.15238092641788,0.42664207681735034,Q4,2024-10-08 12:05:02,1.5072595774631556,0.011353824,0.17608483,0.009737549,0.009184359
0.5811787,0.20890622,0.18982445,0.25,5.576995718391114,0.374143458019808,Q4,2024-10-08 18:05:02,1.0006245318246307,0.016060643,0.045967918,0.010874077,0.011719835
0.73479706,0.1880599,0.12826088,0.25,5.2397034448017585,0.21836210677098014,Q4,2024-10-09 00:05:01,0.25333546303035753,0.01754017,0.07025604,0.011061035,0.010406282
0.815488,0.1833042,0.067602396,0.25,4.883251725445122,0.16870497538926024,Q4,2024-10-09 03:05:02,0.3405442231351363,0.01579792,0.10345353,0.01330104,0.01087368
0.8983815,0.14995627,0.14166464,0.25,3.4693642296524576,0.27710448547130145,Q4,2024-10-09 06:05:01,0.2957047145303617,0.015893348,0.14468826,0.0130013935,0.0116504915
0.9389158,0.13771354,0.0674721,0.25,2.703737126892168,0.3831571631889362,Q4,2024-10-09 12:05:02,0.9120981825438422,0.0118663795,0.16942234,0.0105904145,0.010410637
0.8053882,0.1838008,0.068135455,0.25,4.952637766267928,0.17441008059225166,Q4,2024-10-09 18:05:01,0.33221313525441926,0.016413936,0.09845878,0.013218739,0.010767735
0.5942599,0.20252016,0.18972939,0.25,5.51405907448383,0.3635829912454444,Q4,2024-10-10 00:05:01,0.8568263470727976,0.013577013,0.044445913,0.008795886,0.010381981
0.5861211,0.20280603,0.16207789,0.25,5.5169966675766595,0.3781619695884473,Q4,2024-10-10 03:05:02,0.8329944707503768,0.013059882,0.043458864,0.008664537,0.010290167
0.9119095,0.13140085,0.15520805,0.25,2.488715401524848,0.3977084398845678,Q4,2024-10-10 06:05:01,0.9569129901066113,0.012137848,0.14998887,0.009168188,0.008938443
0.79822534,0.17405443,0.12565991,0.25,4.8612640918039896,0.23386732569013732,Q4,2024-10-10 12:05:01,0.0900898805540963,0.024816118,0.09246727,0.020416431,0.022124486
0.7346578,0.20124045,0.13986832,0.25,5.305382727445986,0.2408533006270574,Q4,2024-10-10 18:05:01,0.3334251657463445,0.042850222,0.07559971,0.03395619,0.022715272
0.7372532,0.20506603,0.1127678,0.25,5.313977085925304,0.19834146863521523,Q4,2024-10-11 00:05:01,0.4255876357863479,0.035996515,0.07753977,0.031577956,0.021926489
0.81749755,0.20691928,0.068252176,0.25,4.775966124415711,0.12192413540756228,Q4,2024-10-11 03:05:01,0.6197595190917328,0.031728514,0.113795556,0.03450118,0.025820578
0.8839586,0.16387317,0.18882483,0.25,3.3021159812730208,0.2938570152519692,Q4,2024-10-11 06:05:01,0.39275288896112764,0.033201978,0.14168812,0.030373251,0.034550235
0.6665004,0.24391584,0.18368389,0.25,5.2200286998300225,0.22028078398243342,Q4,2024-10-11 12:05:01,1.068373052004198,0.042257734,0.07502513,0.03977479,0.052945357
0.83306736,0.18504076,0.076490335,0.25,4.594558429428709,0.16217873170136987,Q4,2024-10-11 18:05:01,0.3213611583239542,0.0050229896,0.11359364,0.0046765683,0.004749732
0.621338,0.20677756,0.15627596,0.25,5.462058168330566,0.3148326096466177,Q4,2024-10-12 00:05:02,0.6490409369620475,0.005225392,0.048456635,0.0055154385,0.0063878773
0.77834755,0.19569527,0.09732339,0.25,4.971781702519877,0.1422138248090968,Q4,2024-10-12 03:05:02,0.41350313344984296,0.005473825,0.09006952,0.0051282295,0.0056247273
0.92055786,0.14555956,0.12760465,0.25,2.4910734501965237,0.3939233042135683,Q4,2024-10-12 06:05:01,0.8603620101380788,0.0056391084,0.15859993,0.004166449,0.004187085
0.6828009,0.24467218,0.10469874,0.25,5.049954296351402,0.22946129251795566,Q4,2024-10-12 12:05:02,0.9079549552137268,0.024708893,0.077892914,0.022666873,0.034308538
0.815871,0.191319,0.06713764,0.25,4.786353267667355,0.14465428897820695,Q4,2024-10-12 18:05:02,0.43392575384738913,0.0058055827,0.10646387,0.00545925,0.006234615
0.5841336,0.2030126,0.15544288,0.25,5.473440009670783,0.36796431172915944,Q4,2024-10-13 00:05:01,0.7979714961729459,0.0057889796,0.04299381,0.0059580244,0.007257684
0.74863994,0.19274361,0.11105543,0.25,5.198181567240532,0.18140622172293902,Q4,2024-10-13 03:05:01,0.33275494747970474,0.0060504694,0.07656924,0.005007426,0.006452951
0.7978643,0.15362938,0.37780303,0.25,4.23990857719525,0.18540906564741086,Q4,2024-10-13 06:05:01,1.9421735738520913,0.008017928,0.103854194,0.007861129,0.018523775
0.8277395,0.16347744,0.0874019,0.25,4.613430809409825,0.26724332153049163,Q4,2024-10-13 12:05:01,0.08222575816504195,0.006765489,0.103251345,0.007371815,0.008542308
0.8270051,0.18599083,0.06069903,0.25,4.670500412071191,0.1654625762876635,Q4,2024-10-13 18:05:02,0.36621695060261716,0.006187716,0.110473625,0.0058756974,0.006091998
0.73977387,0.19215026,0.11641052,0.25,5.2050462403526545,0.19833252781101274,Q4,2024-10-14 00:05:01,0.2983143310536017,0.0062624095,0.07312471,0.0051802965,0.006519875
0.7752624,0.19155937,0.11574491,0.25,5.076482942711317,0.1504260914576489,Q4,2024-10-14 03:05:01,0.36605955019755676,0.006663919,0.08746566,0.0057080006,0.0064103906
0.9063473,0.13604763,0.19984572,0.25,1.901303555059861,0.46781099680524246,Q4,2024-10-14 06:05:02,1.6197915756649717,0.0065105073,0.14953913,0.0045237835,0.0069141746
0.6388199,0.24076316,0.13851464,0.25,5.3188559383128124,0.2634725584513382,Q4,2024-10-14 12:05:01,0.9712513783570477,0.02573854,0.066454045,0.024233261,0.033585474
0.82520306,0.18632106,0.07215312,0.25,4.686748453255328,0.15845482563653268,Q4,2024-10-14 18:05:02,0.34939572569270533,0.0062566428,0.10965175,0.005703571,0.0060141613
0.8293135,0.18784599,0.063776195,0.25,4.628810112578197,0.16156103410097064,Q4,2024-10-15 00:05:01,0.3731919846113259,0.006478367,0.112393655,0.0060724164,0.0062138075
0.60578495,0.2036928,0.14774178,0.25,5.465778920418055,0.3409105527827614,Q4,2024-10-15 03:05:01,0.6783090656295913,0.006469498,0.045072228,0.006306699,0.0072062076
0.8064497,0.15859538,0.16499703,0.25,4.547156834056044,0.28258619016738973,Q4,2024-10-15 06:05:02,0.07032066741423783,0.007764272,0.0918656,0.005797041,0.007228342
0.5056577,0.23263384,0.06791261,0.25,5.407687291192865,0.4367294643324682,Q4,2024-10-15 12:05:02,1.6873025328972149,0.022790143,0.05637946,0.020403178,0.03487348
0.7292659,0.19158754,0.10503154,0.25,5.245785209105593,0.21391654092021833,Q4,2024-10-15 18:05:01,0.2955854144807742,0.008070124,0.069052026,0.0061328313,0.0073949895
0.6155516,0.2053804,0.17854406,0.25,5.478231096640524,0.3246555451523848,Q4,2024-10-16 00:05:01,0.719124365634257,0.008704889,0.047482517,0.008528044,0.008492536
0.611189,0.20585895,0.14121553,0.25,5.507128578359821,0.3335271806962527,Q4,2024-10-16 03:05:02,0.6789659444221754,0.009734175,0.04652067,0.009363502,0.008908114
0.76055366,0.15615453,0.28730214,0.25,4.565501331859691,0.2734292742689638,Q4,2024-10-16 06:05:01,0.7724161004411237,0.008631997,0.07605376,0.008547387,0.011947716
0.8722291,0.1698284,0.06675911,0.25,4.299067621210112,0.26243554231168603,Q4,2024-10-16 12:05:01,0.19250671879593217,0.008185078,0.13155288,0.008813066,0.00901105
0.5791979,0.19917637,0.15585588,0.25,5.4722934243756285,0.3785088231552483,Q4,2024-10-16 18:05:02,0.8043256550458375,0.008247456,0.041249566,0.007254628,0.008084674
0.75848824,0.19376712,0.1271882,0.25,5.1854425291816035,0.16673413478712112,Q4,2024-10-17 00:05:01,0.3619826782738455,0.008842026,0.0813795,0.0072185695,0.007761411
0.5916773,0.20434533,0.17142145,0.25,5.51091706856164,0.36055537530252485,Q4,2024-10-17 03:05:01,0.8182488650130956,0.010166383,0.04433998,0.00984969,0.008887751
0.8332592,0.14708558,0.32219508,0.25,3.5887740420519787,0.2786915268898239,Q4,2024-10-17 06:05:01,1.2558810029355825,0.008204086,0.11612035,0.0077728936,0.014912552
0.64045084,0.17731237,0.1818603,0.25,5.201914176008989,0.33995794735906226,Q4,2024-10-17 12:05:01,0.4284734927102094,0.012227305,0.0412714,0.012177211,0.017372116
0.7218244,0.1939353,0.11994866,0.25,5.286498466755496,0.21461813228702048,Q4,2024-10-17 18:05:01,0.3175757886956832,0.008645857,0.06757953,0.0066692797,0.007827833
0.7224124,0.19547452,0.13861649,0.25,5.29586870943322,0.20702215988891956,Q4,2024-10-18 00:05:02,0.34752369484305407,0.009425666,0.068617456,0.007164637,0.008003828
0.5691531,0.19514163,0.15707499,0.25,5.4639977096861045,0.40228042485135956,Q4,2024-10-18 03:05:02,0.8626277037441202,0.009684258,0.039123252,0.008585516,0.008213485
0.6668528,0.15636104,0.17601988,0.25,4.8632586679449545,0.40133702367832785,Q4,2024-10-18 12:05:02,0.369033767294346,0.016392853,0.03936545,0.016058363,0.012047773
0.747781,0.19128534,0.10105494,0.25,5.214000235961831,0.19123687700595415,Q4,2024-10-18 18:05:01,0.31747320396696055,0.0042107594,0.07568362,0.004143027,0.004231717
0.7495271,0.19304998,0.118388854,0.25,5.211421714849324,0.18153413371278304,Q4,2024-10-19 00:05:01,0.33326982561007773,0.004189097,0.077248104,0.004249334,0.0043688267
0.5973254,0.1995678,0.16077583,0.25,5.51352849774274,0.36160206402273304,Q4,2024-10-19 03:05:01,0.7370841314426845,0.004595747,0.042664334,0.0049256007,0.0052351216
0.77240044,0.19053692,0.107102975,0.25,5.115217427234427,0.16583440774881875,Q4,2024-10-19 06:05:01,0.3329053310553995,0.00417138,0.08559598,0.004102024,0.003968447
0.80350983,0.16170147,0.15129323,0.25,4.595757305711993,0.2602648308979483,Q4,2024-10-19 12:05:02,0.05212247534213114,0.006267771,0.09128786,0.0057295095,0.0061052716
0.8279058,0.18854007,0.06815968,0.25,4.661978675716758,0.15222420254786648,Q4,2024-10-19 18:05:02,0.3897884453185461,0.004566997,0.11194137,0.0045709307,0.0039053056
0.7573257,0.19250815,0.117220074,0.25,5.190738778341328,0.1699288913892943,Q4,2024-10-20 00:05:01,0.34905403005382524,0.00416652,0.080050595,0.0041149557,0.004361142
0.755574,0.19241402,0.10761563,0.25,5.194649778170385,0.17436343138889257,Q4,2024-10-20 03:05:01,0.3456104401329569,0.004131632,0.07912659,0.0040830416,0.0043735392
0.43043202,0.096858434,0.4956509,0.25,4.1650522361907525,0.6143980370769805,Q4,2024-10-20 06:05:01,6.61168315013468,0.010591692,0.03487038,0.014933187,0.01244074
0.6327617,0.21988265,0.101245284,0.25,5.220215688709392,0.31795562060331745,Q4,2024-10-20 12:05:01,0.6700860487235665,0.022247385,0.055382013,0.017388368,0.025136096
0.82726216,0.18628417,0.06968552,0.25,4.692987101078813,0.15125615601932932,Q4,2024-10-20 18:05:01,0.37929385010096367,0.003544363,0.11067066,0.0035614949,0.004033452
0.8324427,0.18644996,0.061654143,0.25,4.634557082538778,0.15768858627913604,Q4,2024-10-21 00:05:01,0.3879011967667494,0.0038178694,0.11352145,0.0036951036,0.0041290848
0.7532009,0.19382985,0.13654734,0.25,5.204071739763968,0.16455336529112963,Q4,2024-10-21 03:05:02,0.37910522936799107,0.0032929005,0.07932232,0.0029970813,0.004885256
0.3569568,0.07714545,0.5912624,0.2495659722222222,3.831146171961268,0.6830953183132403,Q4,2024-10-21 06:05:01,14.0548494343226,0.011432015,0.055499338,0.011758356,0.016344422
0.69037837,0.21410061,0.10771079,0.24989149305555555,5.1031151294829975,0.23933900388504817,Q4,2024-10-21 12:05:02,0.6441207515987655,0.019048955,0.065881744,0.019620657,0.024857912
0.7429255,0.19201241,0.11801015,0.25,5.236733740082297,0.18789249296943228,Q4,2024-10-21 18:05:01,0.3239165974020029,0.0033075851,0.07425124,0.0030724332,0.004991397
0.73498166,0.19286717,0.12003406,0.25,5.259749884131904,0.19686042030523213,Q4,2024-10-22 00:05:01,0.3223223625806325,0.0032704582,0.07159242,0.0029916074,0.0051138457
0.7424375,0.19386572,0.107400276,0.25,5.239533111017517,0.18655836363341383,Q4,2024-10-22 03:05:02,0.345853722048278,0.0033623006,0.074529074,0.003053251,0.0050803763
0.5816016,0.11988783,0.30241123,0.25,4.400546865626682,0.49544676079613936,Q4,2024-10-22 06:05:02,1.9158983189380392,0.0046039787,0.020650443,0.004251907,0.008002302
0.56690836,0.21462347,0.09251106,0.25,5.312789756513669,0.37992917039753943,Q4,2024-10-22 12:05:01,0.9474256162432214,0.020960785,0.046633247,0.018098272,0.028303625
0.83054096,0.18760286,0.053066373,0.25,4.6776232725579,0.16686921218109577,Q4,2024-10-22 18:05:02,0.40290553152407144,0.0046555735,0.11287235,0.0041059796,0.004117883
0.8550494,0.18714927,0.06524455,0.25,4.309897159892545,0.18153009702434356,Q4,2024-10-23 00:05:02,0.33613356057762017,0.0050890557,0.12707303,0.004915545,0.004521614
0.6385754,0.2036701,0.14158171,0.25,5.494743102338694,0.3052872556094445,Q4,2024-10-23 03:05:01,0.559283781574883,0.005988181,0.049654238,0.0046325773,0.0066861333
0.6438093,0.20339614,0.16256161,0.25,5.485281458169806,0.2994966320965897,Q4,2024-10-23 06:05:02,0.5715179303292295,0.005372406,0.05086549,0.0042583086,0.0067038396
0.8300051,0.18989176,0.06098081,0.25,4.649944796261064,0.15260338959303396,Q4,2024-10-23 18:05:02,0.4206251586515446,0.00514314,0.11349712,0.0045848954,0.0044890526
0.83574206,0.18865553,0.06431871,0.25,4.604336468516585,0.16247701742341436,Q4,2024-10-24 00:05:01,0.37771367758730484,0.005011296,0.11631108,0.004595044,0.004385997
0.8294067,0.19105515,0.06433723,0.25,4.659186219109378,0.14956491318558657,Q4,2024-10-24 03:05:02,0.4245157979784371,0.005029256,0.113686144,0.004654816,0.0044920575
0.76041484,0.19395597,0.10947218,0.25,5.160559394534149,0.16422401889600574,Q4,2024-10-24 06:05:01,0.36866054682842114,0.0051357425,0.081766,0.004138476,0.005321473
0.94743717,0.15307973,0.021788942,0.24989149305555555,1.9060092073324897,0.4394381309750141,Q4,2024-10-24 12:05:01,1.8780443685075336,0.00623283,0.17976429,0.0033655555,0.004001154
0.60184735,0.20528957,0.1502939,0.25,5.53002222526611,0.3428168672609914,Q4,2024-10-24 18:05:02,0.732536543056605,0.0068262937,0.045289233,0.004854929,0.006365891
0.7805902,0.19255526,0.10735985,0.25,5.076173188858694,0.14753737394969071,Q4,2024-10-25 00:05:01,0.3860456903808487,0.0048714466,0.09006323,0.0040498385,0.0048072212
0.84735346,0.18821971,0.057282023,0.25,4.443462456954336,0.16914732991414186,Q4,2024-10-25 03:05:01,0.3891296570376281,0.004988378,0.1227617,0.0048329094,0.0044936175
0.777929,0.19288376,0.10079183,0.24989149305555555,5.0814284055481345,0.15379950443143878,Q4,2024-10-25 06:05:01,0.5610703267503688,0.004806168,0.08882307,0.0040435153,0.0047948444
0.8582747,0.15817691,0.0749784,0.25,4.350038405103463,0.29323029612508233,Q4,2024-10-25 12:05:01,0.13838349100074046,0.005350155,0.11911049,0.00642347,0.005825728
0.77128196,0.19068065,0.11545649,0.25,5.1040117927014315,0.1520475199278067,Q4,2024-10-25 18:05:01,0.3629976139470778,0.004280447,0.08540439,0.0036635105,0.0043379124
0.78115016,0.1918062,0.12982179,0.25,5.070809940281245,0.14375276632088338,Q4,2024-10-26 00:05:01,0.38492399134636623,0.0049855136,0.0904856,0.004223402,0.0050026816
0.78220856,0.19146936,0.11371425,0.25,5.057560581344427,0.14846276736367311,Q4,2024-10-26 03:05:01,0.36828575235830935,0.005255837,0.090528525,0.0042975806,0.0050330185
0.62750477,0.20334345,0.13041812,0.25,5.494738592948294,0.3193764246602159,Q4,2024-10-26 06:05:02,0.5859762221142304,0.0075090583,0.047598504,0.005004102,0.0066509964
0.6533284,0.21840072,0.085386746,0.25,5.049321082178055,0.2982546186768647,Q4,2024-10-26 12:05:02,0.5803053721803366,0.021321371,0.05846724,0.021473791,0.029021366
0.7376632,0.19221051,0.11622229,0.25,5.227954348651412,0.19785936726774342,Q4,2024-10-26 18:05:02,0.3071552528715094,0.004516866,0.07229528,0.0035291442,0.0046735415
0.7699175,0.19190837,0.11421916,0.25,5.121671796709196,0.1570587396334988,Q4,2024-10-27 00:05:02,0.36068673438802495,0.0048753675,0.08519646,0.0039429474,0.0045536486
0.6269466,0.20185392,0.13775174,0.25,5.464659062219141,0.3244745613032599,Q4,2024-10-27 03:05:01,0.5725321555607474,0.0061659478,0.04700584,0.0039827432,0.0055934666
0.9393985,0.14925821,0.07611628,0.25,2.547816309207249,0.3970588737092222,Q4,2024-10-27 06:05:02,0.940353831222407,0.0061379876,0.17287986,0.00424582,0.0033447156
0.9364166,0.10756637,0.042184863,0.25,3.0861948261783008,0.34632562130877964,Q4,2024-10-27 12:05:02,1.065534766871431,0.004648881,0.15970191,0.0052324017,0.0045746746
0.8282248,0.18680039,0.064025804,0.25,4.703137651712796,0.15768612034307739,Q4,2024-10-27 18:05:01,0.38360401798549365,0.005734844,0.11138134,0.005403008,0.004871697
0.85033035,0.18678747,0.07482639,0.25,4.426262343213967,0.17614833702393895,Q4,2024-10-28 00:05:01,0.31165766577320264,0.0062703914,0.12446281,0.0065668863,0.0053630294
0.6343868,0.19926387,0.13760494,0.25,5.455305036912502,0.31918586679841765,Q4,2024-10-28 03:05:01,0.5248851352548376,0.009769482,0.04712498,0.0071978783,0.0069989255
0.837291,0.16088693,0.09727081,0.25,4.444072978787553,0.3292260006830939,Q4,2024-10-28 06:05:01,0.07435026119421372,0.009794395,0.10762649,0.00909462,0.0064994753
0.507509,0.23363446,0.09971537,0.25,5.684533442835804,0.4436373162290043,Q4,2024-10-28 12:05:01,1.7390208435170884,0.031389847,0.056826852,0.02873068,0.03361644
0.82980156,0.18781604,0.06395752,0.25,4.654803524420304,0.1531376823734035,Q4,2024-10-28 18:05:02,0.3983660294856657,0.005672944,0.112724915,0.0055036843,0.004791611
0.8586524,0.18540761,0.052665606,0.25,4.255658088807128,0.18841742223552038,Q4,2024-10-29 00:05:01,0.36540327493603325,0.0063229403,0.12855148,0.0064516095,0.005484421
0.64837736,0.20139882,0.11064276,0.25,5.441325204721172,0.29801124516648925,Q4,2024-10-29 03:05:02,0.4927198177459304,0.0099706035,0.050251264,0.006851593,0.0073916125
0.8237403,0.16900916,0.09642697,0.25,4.6511962824442366,0.26071923736010544,Q4,2024-10-29 06:05:02,0.07039632578867343,0.009499934,0.10305964,0.0079329,0.0067828977
0.91662526,0.120215386,0.036713816,0.25,3.4489717284624053,0.28469929493443547,Q4,2024-10-29 12:05:01,0.7469505851209636,0.006156846,0.14766927,0.00703001,0.006590675
0.7700601,0.19161887,0.09870091,0.25,5.089520864620674,0.1599152273503108,Q4,2024-10-29 18:05:02,0.35935152506631435,0.0060164444,0.08486501,0.0050118375,0.0055147875
0.78758454,0.19176666,0.08160777,0.25,4.974456553448135,0.1563322238169449,Q4,2024-10-30 00:05:01,0.3793150348827837,0.0070532016,0.09260014,0.006287542,0.0064968555
0.79488206,0.192595,0.10384399,0.25,4.932222527612199,0.1493087724063688,Q4,2024-10-30 03:05:02,0.35941813077161794,0.00728209,0.09673508,0.006766487,0.006670633
0.94286793,0.15665017,0.046339937,0.25,2.081735816374122,0.4201175645247343,Q4,2024-10-30 06:05:01,1.3720198881786108,0.007261508,0.17750393,0.0050815786,0.0056289816
0.8143686,0.14900482,0.07456243,0.25,4.291896551418511,0.394757640706117,Q4,2024-10-30 12:05:01,0.22107375542495,0.0076356614,0.09146391,0.00628689,0.00845652
0.67639947,0.15075502,0.052390523,0.25,4.274369696237779,0.5246670984213592,Q4,2024-10-30 18:05:01,0.8224194374796573,0.0077499715,0.038284976,0.0062519936,0.0059076156
0.8641445,0.18619266,0.059217256,0.25,4.173787069075996,0.1986075759317825,Q4,2024-10-31 00:05:02,0.33546160051352397,0.0065986016,0.13227127,0.007490206,0.0065266755
0.63585305,0.20658575,0.12670647,0.25,5.481070134320799,0.30552803284189856,Q4,2024-10-31 03:05:01,0.579343693791683,0.011370192,0.050186437,0.009183259,0.009575575
0.8609531,0.14928561,0.2597521,0.25,3.7666823163815693,0.2282936071259549,Q4,2024-10-31 06:05:02,0.7060680725415936,0.00923586,0.12688337,0.006958636,0.010516034
0.90216446,0.12738125,0.04332168,0.25,3.8373326911598924,0.2587575056952679,Q4,2024-10-31 12:05:01,0.5433238123587432,0.0065874313,0.13917357,0.006490979,0.006898695
0.81287736,0.19068919,0.06131627,0.25,4.817866101804717,0.1526770349148314,Q4,2024-10-31 18:05:01,0.42842988261026543,0.005605346,0.10457325,0.0057832394,0.0059492798
0.76894915,0.19675322,0.105414055,0.25,5.054597316289496,0.15029704644799474,Q4,2024-11-01 00:05:01,0.4033618716169958,0.0071947435,0.08644644,0.006372803,0.0069865156
0.6277843,0.2078393,0.13730761,0.25,5.473651338018174,0.3092943085641527,Q4,2024-11-01 03:05:01,0.6171638620653486,0.009232478,0.049563807,0.0074350964,0.008652307
0.92027116,0.16103011,0.029801538,0.25,3.1685172961537,0.3395501908620866,Q4,2024-11-01 06:05:01,0.6788202489778538,0.0064392025,0.16157639,0.0054115225,0.0064254007
0.48545033,0.22932778,0.17200276,0.25,5.558528147690486,0.4625692012419808,Q4,2024-11-01 12:05:01,1.8590176847774256,0.03423687,0.057827827,0.03907743,0.03531352
0.6061404,0.20375389,0.16849896,0.25,5.4790366172736285,0.33914431994271593,Q4,2024-11-01 18:05:01,0.7197757477717394,0.0070167184,0.045514196,0.005523673,0.006896892
0.7854459,0.19243212,0.089007445,0.25,4.9735300654731205,0.15218968886693285,Q4,2024-11-02 00:05:02,0.3783981880287561,0.0070158807,0.09197689,0.006690852,0.006896169
0.78925616,0.19241032,0.08658382,0.25,4.932186342655827,0.15592679907063117,Q4,2024-11-02 03:05:01,0.3659078955342254,0.0068419524,0.093722716,0.006905908,0.0069545675
0.85164845,0.15983465,0.20011383,0.25,4.163245814847571,0.18614964617142385,Q4,2024-11-02 06:05:02,0.34200515100523493,0.011345011,0.11959589,0.011064987,0.008937861
0.78013676,0.18344122,0.07330909,0.25,4.79272752964461,0.1818175996431062,Q4,2024-11-02 12:05:01,0.2670133256992431,0.016664721,0.08623106,0.019610344,0.021719906
0.7531749,0.19526397,0.09624204,0.25,5.152282629012767,0.17435061108505237,Q4,2024-11-02 18:05:02,0.3684697165143556,0.005662233,0.07919647,0.00527646,0.0062174713
0.8579426,0.18734595,0.05098968,0.25,4.2529480838506855,0.19267279699104736,Q4,2024-11-03 00:05:01,0.37124061613760945,0.006178466,0.12868536,0.0073295524,0.006465577
0.64568436,0.20230663,0.14718902,0.24989149305555555,5.441421457423165,0.3005963290150213,Q4,2024-11-03 03:05:01,0.6997421221155209,0.008925737,0.050396923,0.008361924,0.008231705
0.9163294,0.14777695,0.14498138,0.25,2.387008541361724,0.3904612881356228,Q4,2024-11-03 06:05:01,0.903852101796777,0.0058493526,0.1570734,0.0046708635,0.0059884014
0.60340863,0.14242041,0.1382076,0.24989149305555555,4.913503716082509,0.46402374320394324,Q4,2024-11-03 12:05:01,0.8938655757839301,0.0177453,0.02417159,0.019828064,0.018535128
0.74987715,0.1945839,0.12550752,0.25,5.17958080177623,0.1771680033593586,Q4,2024-11-03 18:05:02,0.34397351899476303,0.005590973,0.078144886,0.005343098,0.0060533904
0.76988643,0.19546366,0.088814706,0.25,5.045298180730081,0.16165151501607575,Q4,2024-11-04 00:05:01,0.38595772822282104,0.0066833,0.086134195,0.006450755,0.0071214824
0.8569235,0.1878978,0.049266618,0.25,4.277185548891524,0.1924497778726701,Q4,2024-11-04 03:05:01,0.37932512491052783,0.0062886467,0.12827471,0.0075177024,0.0066216555
0.9494346,0.15312564,0.03518049,0.25,1.63536317530635,0.44986667096040145,Q4,2024-11-04 06:05:01,1.8696910946534189,0.0069185486,0.18149127,0.004089106,0.0054674246
0.8116949,0.13929516,0.08324989,0.25,4.213803911777054,0.41057793748564747,Q4,2024-11-04 12:05:02,0.2803190068180686,0.0069021224,0.08736092,0.009098866,0.0097999405
0.83939296,0.18984385,0.056866724,0.25,4.520417459414543,0.16106358130148318,Q4,2024-11-04 18:05:01,0.4131811690293146,0.007252448,0.11880435,0.007861718,0.006400267
0.64131,0.20396636,0.12508012,0.25,5.436758797467268,0.30397030013544873,Q4,2024-11-05 00:05:01,0.5265637268795065,0.010769742,0.050096918,0.008398985,0.008447713
0.7973927,0.19264865,0.10675043,0.25,4.874649998344902,0.14333838920718028,Q4,2024-11-05 03:05:01,0.36600136892269847,0.008909007,0.09806352,0.009610112,0.0072302883
0.91314125,0.13737951,0.18247703,0.25,1.5079916614820328,0.464860882082629,Q4,2024-11-05 06:05:01,1.862016530997381,0.0073506394,0.15369579,0.0048960745,0.0068302075
0.8147178,0.15092117,0.16414362,0.25,4.452295474672897,0.2772317343540949,Q4,2024-11-05 12:05:01,0.08863523761542748,0.00910088,0.094030075,0.010634057,0.008765371
0.6051645,0.20932804,0.15857863,0.25,5.497860617752563,0.33590064796182906,Q4,2024-11-05 18:05:01,0.7549239441778265,0.0065950234,0.047476772,0.0056572664,0.0067596105
0.85405105,0.18794112,0.05003448,0.25,4.286600917671041,0.18718753998089846,Q4,2024-11-06 00:05:01,0.38296283091140865,0.0059541813,0.12663804,0.006904318,0.006141411
0.7871016,0.19167317,0.09020201,0.25,4.914922840816791,0.15480145721478772,Q4,2024-11-06 03:05:01,0.35425155730513497,0.00680385,0.092441194,0.007232476,0.00689845
0.82953674,0.14776103,0.3783955,0.25,3.641040680215534,0.2989173631144267,Q4,2024-11-06 06:05:01,1.946927780989114,0.00803488,0.12184788,0.010425913,0.019957803
0.8713311,0.14717257,0.16085313,0.25,3.815955658984283,0.27173060688667633,Q4,2024-11-06 12:05:01,0.20866106105496307,0.009116386,0.12600908,0.010600287,0.008748586
0.74947476,0.19640459,0.09895894,0.25,5.170890920504214,0.17618527256918023,Q4,2024-11-06 18:05:01,0.37410955145369185,0.006054846,0.07814465,0.0056565674,0.0063494183
0.78507185,0.19227947,0.0913628,0.25,4.941471137542938,0.1511881542166145,Q4,2024-11-07 00:05:01,0.3701585884613869,0.0066360016,0.091724694,0.0068984595,0.006735242
0.79021335,0.19259086,0.09862459,0.25,4.896874514702403,0.147509145835413,Q4,2024-11-07 03:05:01,0.36433802456553305,0.00688745,0.094409354,0.0074393195,0.0069549624
0.83983815,0.15526445,0.29347256,0.25,4.01766476986691,0.1849113875169388,Q4,2024-11-07 06:05:02,0.9891586698442213,0.00905042,0.11845345,0.010035192,0.012869276
0.86503553,0.14563362,0.13902177,0.25,3.9500644338107556,0.29460318317502476,Q4,2024-11-07 12:05:01,0.14937437223492062,0.007860442,0.120815404,0.008366787,0.0071005514
0.74861383,0.19657072,0.111980885,0.25,5.179575718004321,0.17539589468630362,Q4,2024-11-07 18:05:01,0.3661583595383737,0.006118399,0.078115806,0.005614495,0.0063084573
0.8527873,0.1874223,0.04921299,0.25,4.3233539009695345,0.18554775956199515,Q4,2024-11-08 00:05:01,0.385030995067319,0.0061742854,0.12563285,0.0072314995,0.0063494146
0.79013896,0.1926335,0.108514115,0.24989149305555555,4.907033415421594,0.14525482333041204,Q4,2024-11-08 03:05:02,0.544295333352829,0.0070887827,0.09455038,0.0076748575,0.007025391
0.8609317,0.16209625,0.18243738,0.25,4.181091587007172,0.19932720085060193,Q4,2024-11-08 06:05:01,0.2593851786707469,0.010345902,0.12505522,0.011952723,0.008855231
0.88874155,0.14823605,0.099128574,0.25,3.9260190820243666,0.3106158855894158,Q4,2024-11-08 12:05:01,0.2009050772243368,0.006246486,0.13600327,0.007207194,0.006707894
0.60266757,0.20632893,0.16406673,0.25,5.485390195593479,0.34354873553000803,Q4,2024-11-08 18:05:02,0.7499432752050854,0.006605822,0.046080448,0.005415299,0.0065562925
0.8477857,0.18728684,0.051884107,0.25,4.401492014303491,0.178173548255647,Q4,2024-11-09 00:05:02,0.3833531072634035,0.0061416347,0.12265193,0.0070331967,0.00615279
0.6162773,0.20599693,0.13395981,0.25,5.481151974181893,0.3292879309876722,Q4,2024-11-09 03:05:01,0.6463850163308812,0.008679189,0.047076773,0.007408625,0.0081905145
0.93677723,0.14738739,0.09150897,0.25,2.355218049658334,0.4073216346710933,Q4,2024-11-09 06:05:01,1.0361588941220037,0.0054476624,0.17042889,0.0044713723,0.0051040254
0.64775383,0.13597235,0.1400683,0.25,4.6371235624197205,0.46122741997022204,Q4,2024-11-09 12:05:01,0.5741202234531381,0.0066764,0.028743325,0.00820504,0.00788172
0.6014829,0.2046451,0.15900715,0.25,5.479123398977355,0.3454988910001664,Q4,2024-11-09 18:05:02,0.7285480498560214,0.0068202787,0.04518029,0.005612086,0.0066738008
0.75957817,0.1948371,0.09717476,0.25,5.089257652983862,0.1697424553001483,Q4,2024-11-10 00:05:02,0.3585030332376873,0.0072041396,0.081599995,0.006612644,0.0070934007
0.7894941,0.19267817,0.10762703,0.25,4.913292395794496,0.14379340576049315,Q4,2024-11-10 03:05:01,0.3679616896930444,0.0068972134,0.094251,0.007322857,0.006792945
0.84023654,0.17555487,0.09269471,0.25,4.642150348828018,0.22281602770652337,Q4,2024-11-10 06:05:01,0.14201679758564148,0.0092450045,0.11461339,0.009603547,0.007742808
0.6460668,0.13396814,0.217982,0.25,4.649079677783549,0.4297124400822514,Q4,2024-11-10 12:05:01,0.7340640491473476,0.008245875,0.029987881,0.0065115266,0.008188956
0.60897475,0.19717205,0.14361331,0.25,5.491186148669649,0.34431789584841527,Q4,2024-11-10 18:05:02,0.6244460785954918,0.0032397702,0.042759012,0.002550008,0.0039773947
